Country Name,Country Code,Year,Amount
Afghanistan,AFG,2018,0.0
Afghanistan,AFG,2019,0.0
Afghanistan,AFG,2020,0.0
Afghanistan,AFG,2021,0.0
Afghanistan,AFG,2022,0.0
Afghanistan,AFG,2023,0.0
Afghanistan,AFG,2024,0.0
Afghanistan,AFG,2025,0.0
Afghanistan,AFG,2026,0.0
Afghanistan,AFG,2027,0.0
Afghanistan,AFG,2028,0.0
Albania,ALB,2018,4643000.0
Albania,ALB,2019,4643000.0
Albania,ALB,2020,4643000.0
Albania,ALB,2021,4643000.0
Albania,ALB,2022,4643000.0
Albania,ALB,2023,4643000.0
Albania,ALB,2024,4643000.0
Albania,ALB,2025,4643000.0
Albania,ALB,2026,4643000.0
Albania,ALB,2027,4643000.0
Albania,ALB,2028,4643000.0
Algeria,DZA,2018,2451000.0
Algeria,DZA,2019,2451000.0
Algeria,DZA,2020,2451000.0
Algeria,DZA,2021,2451000.0
Algeria,DZA,2022,2451000.0
Algeria,DZA,2023,2451000.0
Algeria,DZA,2024,2451000.0
Algeria,DZA,2025,2451000.0
Algeria,DZA,2026,2451000.0
Algeria,DZA,2027,2451000.0
Algeria,DZA,2028,2451000.0
American Samoa,ASM,2018,20000.0
American Samoa,ASM,2019,20000.0
American Samoa,ASM,2020,20000.0
American Samoa,ASM,2021,20000.0
American Samoa,ASM,2022,20000.0
American Samoa,ASM,2023,20000.0
American Samoa,ASM,2024,20000.0
American Samoa,ASM,2025,20000.0
American Samoa,ASM,2026,20000.0
American Samoa,ASM,2027,20000.0
American Samoa,ASM,2028,20000.0
Andorra,AND,2018,0.0
Andorra,AND,2019,0.0
Andorra,AND,2020,0.0
Andorra,AND,2021,0.0
Andorra,AND,2022,0.0
Andorra,AND,2023,0.0
Andorra,AND,2024,0.0
Andorra,AND,2025,0.0
Andorra,AND,2026,0.0
Andorra,AND,2027,0.0
Andorra,AND,2028,0.0
Angola,AGO,2018,261000.0
Angola,AGO,2019,261000.0
Angola,AGO,2020,261000.0
Angola,AGO,2021,261000.0
Angola,AGO,2022,261000.0
Angola,AGO,2023,261000.0
Angola,AGO,2024,261000.0
Angola,AGO,2025,261000.0
Angola,AGO,2026,261000.0
Angola,AGO,2027,261000.0
Angola,AGO,2028,261000.0
Anguila,AIA,2018,0.0
Anguila,AIA,2019,0.0
Anguila,AIA,2020,0.0
Anguila,AIA,2021,0.0
Anguila,AIA,2022,0.0
Anguila,AIA,2023,0.0
Anguila,AIA,2024,0.0
Anguila,AIA,2025,0.0
Anguila,AIA,2026,0.0
Anguila,AIA,2027,0.0
Anguila,AIA,2028,0.0
Antigua and Barbuda,ATG,2018,247000.0
Antigua and Barbuda,ATG,2019,247000.0
Antigua and Barbuda,ATG,2020,247000.0
Antigua and Barbuda,ATG,2021,247000.0
Antigua and Barbuda,ATG,2022,247000.0
Antigua and Barbuda,ATG,2023,247000.0
Antigua and Barbuda,ATG,2024,247000.0
Antigua and Barbuda,ATG,2025,247000.0
Antigua and Barbuda,ATG,2026,247000.0
Antigua and Barbuda,ATG,2027,247000.0
Antigua and Barbuda,ATG,2028,247000.0
Argentina,ARG,2018,6720000.0
Argentina,ARG,2019,6720000.0
Argentina,ARG,2020,6720000.0
Argentina,ARG,2021,6720000.0
Argentina,ARG,2022,6720000.0
Argentina,ARG,2023,6720000.0
Argentina,ARG,2024,6720000.0
Argentina,ARG,2025,6720000.0
Argentina,ARG,2026,6720000.0
Argentina,ARG,2027,6720000.0
Argentina,ARG,2028,6720000.0
Armenia,ARM,2018,1495000.0
Armenia,ARM,2019,1495000.0
Armenia,ARM,2020,1495000.0
Armenia,ARM,2021,1495000.0
Armenia,ARM,2022,1495000.0
Armenia,ARM,2023,1495000.0
Armenia,ARM,2024,1495000.0
Armenia,ARM,2025,1495000.0
Armenia,ARM,2026,1495000.0
Armenia,ARM,2027,1495000.0
Armenia,ARM,2028,1495000.0
Aruba,ABW,2018,1070500.0
Aruba,ABW,2019,1070500.0
Aruba,ABW,2020,1070500.0
Aruba,ABW,2021,1070500.0
Aruba,ABW,2022,1070500.0
Aruba,ABW,2023,1070500.0
Aruba,ABW,2024,1070500.0
Aruba,ABW,2025,1070500.0
Aruba,ABW,2026,1070500.0
Aruba,ABW,2027,1070500.0
Aruba,ABW,2028,1070500.0
Australia,AUS,2018,8815000.0
Australia,AUS,2019,8815000.0
Australia,AUS,2020,8815000.0
Australia,AUS,2021,8815000.0
Australia,AUS,2022,8815000.0
Australia,AUS,2023,8815000.0
Australia,AUS,2024,8815000.0
Australia,AUS,2025,8815000.0
Australia,AUS,2026,8815000.0
Australia,AUS,2027,8815000.0
Australia,AUS,2028,8815000.0
Austria,AUT,2018,29460000.0
Austria,AUT,2019,29460000.0
Austria,AUT,2020,29460000.0
Austria,AUT,2021,29460000.0
Austria,AUT,2022,29460000.0
Austria,AUT,2023,29460000.0
Austria,AUT,2024,29460000.0
Austria,AUT,2025,29460000.0
Austria,AUT,2026,29460000.0
Austria,AUT,2027,29460000.0
Austria,AUT,2028,29460000.0
Azerbaijan,AZE,2018,2454000.0
Azerbaijan,AZE,2019,2454000.0
Azerbaijan,AZE,2020,2454000.0
Azerbaijan,AZE,2021,2454000.0
Azerbaijan,AZE,2022,2454000.0
Azerbaijan,AZE,2023,2454000.0
Azerbaijan,AZE,2024,2454000.0
Azerbaijan,AZE,2025,2454000.0
Azerbaijan,AZE,2026,2454000.0
Azerbaijan,AZE,2027,2454000.0
Azerbaijan,AZE,2028,2454000.0
"Bahamas, The",BHS,2018,1439000.0
"Bahamas, The",BHS,2019,1439000.0
"Bahamas, The",BHS,2020,1439000.0
"Bahamas, The",BHS,2021,1439000.0
"Bahamas, The",BHS,2022,1439000.0
"Bahamas, The",BHS,2023,1439000.0
"Bahamas, The",BHS,2024,1439000.0
"Bahamas, The",BHS,2025,1439000.0
"Bahamas, The",BHS,2026,1439000.0
"Bahamas, The",BHS,2027,1439000.0
"Bahamas, The",BHS,2028,1439000.0
Bahrain,BHR,2018,11370000.0
Bahrain,BHR,2019,11370000.0
Bahrain,BHR,2020,11370000.0
Bahrain,BHR,2021,11370000.0
Bahrain,BHR,2022,11370000.0
Bahrain,BHR,2023,11370000.0
Bahrain,BHR,2024,11370000.0
Bahrain,BHR,2025,11370000.0
Bahrain,BHR,2026,11370000.0
Bahrain,BHR,2027,11370000.0
Bahrain,BHR,2028,11370000.0
Bangladesh,BGD,2018,0.0
Bangladesh,BGD,2019,0.0
Bangladesh,BGD,2020,0.0
Bangladesh,BGD,2021,0.0
Bangladesh,BGD,2022,0.0
Bangladesh,BGD,2023,0.0
Bangladesh,BGD,2024,0.0
Bangladesh,BGD,2025,0.0
Bangladesh,BGD,2026,0.0
Bangladesh,BGD,2027,0.0
Bangladesh,BGD,2028,0.0
Barbados,BRB,2018,664000.0
Barbados,BRB,2019,664000.0
Barbados,BRB,2020,664000.0
Barbados,BRB,2021,664000.0
Barbados,BRB,2022,664000.0
Barbados,BRB,2023,664000.0
Barbados,BRB,2024,664000.0
Barbados,BRB,2025,664000.0
Barbados,BRB,2026,664000.0
Barbados,BRB,2027,664000.0
Barbados,BRB,2028,664000.0
Belarus,BLR,2018,11060200.0
Belarus,BLR,2019,11060200.0
Belarus,BLR,2020,11060200.0
Belarus,BLR,2021,11060200.0
Belarus,BLR,2022,11060200.0
Belarus,BLR,2023,11060200.0
Belarus,BLR,2024,11060200.0
Belarus,BLR,2025,11060200.0
Belarus,BLR,2026,11060200.0
Belarus,BLR,2027,11060200.0
Belarus,BLR,2028,11060200.0
Belgium,BEL,2018,8385000.0
Belgium,BEL,2019,8385000.0
Belgium,BEL,2020,8385000.0
Belgium,BEL,2021,8385000.0
Belgium,BEL,2022,8385000.0
Belgium,BEL,2023,8385000.0
Belgium,BEL,2024,8385000.0
Belgium,BEL,2025,8385000.0
Belgium,BEL,2026,8385000.0
Belgium,BEL,2027,8385000.0
Belgium,BEL,2028,8385000.0
Belgium-Luxembourg,BLX,2018,0.0
Belgium-Luxembourg,BLX,2019,0.0
Belgium-Luxembourg,BLX,2020,0.0
Belgium-Luxembourg,BLX,2021,0.0
Belgium-Luxembourg,BLX,2022,0.0
Belgium-Luxembourg,BLX,2023,0.0
Belgium-Luxembourg,BLX,2024,0.0
Belgium-Luxembourg,BLX,2025,0.0
Belgium-Luxembourg,BLX,2026,0.0
Belgium-Luxembourg,BLX,2027,0.0
Belgium-Luxembourg,BLX,2028,0.0
Belize,BLZ,2018,427000.0
Belize,BLZ,2019,427000.0
Belize,BLZ,2020,427000.0
Belize,BLZ,2021,427000.0
Belize,BLZ,2022,427000.0
Belize,BLZ,2023,427000.0
Belize,BLZ,2024,427000.0
Belize,BLZ,2025,427000.0
Belize,BLZ,2026,427000.0
Belize,BLZ,2027,427000.0
Belize,BLZ,2028,427000.0
Benin,BEN,2018,281000.0
Benin,BEN,2019,281000.0
Benin,BEN,2020,281000.0
Benin,BEN,2021,281000.0
Benin,BEN,2022,281000.0
Benin,BEN,2023,281000.0
Benin,BEN,2024,281000.0
Benin,BEN,2025,281000.0
Benin,BEN,2026,281000.0
Benin,BEN,2027,281000.0
Benin,BEN,2028,281000.0
Bermuda,BMU,2018,270000.0
Bermuda,BMU,2019,270000.0
Bermuda,BMU,2020,270000.0
Bermuda,BMU,2021,270000.0
Bermuda,BMU,2022,270000.0
Bermuda,BMU,2023,270000.0
Bermuda,BMU,2024,270000.0
Bermuda,BMU,2025,270000.0
Bermuda,BMU,2026,270000.0
Bermuda,BMU,2027,270000.0
Bermuda,BMU,2028,270000.0
Bhutan,BTN,2018,255000.0
Bhutan,BTN,2019,255000.0
Bhutan,BTN,2020,255000.0
Bhutan,BTN,2021,255000.0
Bhutan,BTN,2022,255000.0
Bhutan,BTN,2023,255000.0
Bhutan,BTN,2024,255000.0
Bhutan,BTN,2025,255000.0
Bhutan,BTN,2026,255000.0
Bhutan,BTN,2027,255000.0
Bhutan,BTN,2028,255000.0
Bolivia,BOL,2018,1134000.0
Bolivia,BOL,2019,1134000.0
Bolivia,BOL,2020,1134000.0
Bolivia,BOL,2021,1134000.0
Bolivia,BOL,2022,1134000.0
Bolivia,BOL,2023,1134000.0
Bolivia,BOL,2024,1134000.0
Bolivia,BOL,2025,1134000.0
Bolivia,BOL,2026,1134000.0
Bolivia,BOL,2027,1134000.0
Bolivia,BOL,2028,1134000.0
Bosnia and Herzegovina,BIH,2018,923000.0
Bosnia and Herzegovina,BIH,2019,923000.0
Bosnia and Herzegovina,BIH,2020,923000.0
Bosnia and Herzegovina,BIH,2021,923000.0
Bosnia and Herzegovina,BIH,2022,923000.0
Bosnia and Herzegovina,BIH,2023,923000.0
Bosnia and Herzegovina,BIH,2024,923000.0
Bosnia and Herzegovina,BIH,2025,923000.0
Bosnia and Herzegovina,BIH,2026,923000.0
Bosnia and Herzegovina,BIH,2027,923000.0
Bosnia and Herzegovina,BIH,2028,923000.0
Botswana,BWA,2018,0.0
Botswana,BWA,2019,0.0
Botswana,BWA,2020,0.0
Botswana,BWA,2021,0.0
Botswana,BWA,2022,0.0
Botswana,BWA,2023,0.0
Botswana,BWA,2024,0.0
Botswana,BWA,2025,0.0
Botswana,BWA,2026,0.0
Botswana,BWA,2027,0.0
Botswana,BWA,2028,0.0
Br. Antr. Terr,BAT,2018,0.0
Br. Antr. Terr,BAT,2019,0.0
Br. Antr. Terr,BAT,2020,0.0
Br. Antr. Terr,BAT,2021,0.0
Br. Antr. Terr,BAT,2022,0.0
Br. Antr. Terr,BAT,2023,0.0
Br. Antr. Terr,BAT,2024,0.0
Br. Antr. Terr,BAT,2025,0.0
Br. Antr. Terr,BAT,2026,0.0
Br. Antr. Terr,BAT,2027,0.0
Br. Antr. Terr,BAT,2028,0.0
Brazil,BRA,2018,6589000.0
Brazil,BRA,2019,6589000.0
Brazil,BRA,2020,6589000.0
Brazil,BRA,2021,6589000.0
Brazil,BRA,2022,6589000.0
Brazil,BRA,2023,6589000.0
Brazil,BRA,2024,6589000.0
Brazil,BRA,2025,6589000.0
Brazil,BRA,2026,6589000.0
Brazil,BRA,2027,6589000.0
Brazil,BRA,2028,6589000.0
British Indian Ocean Ter.,IOT,2018,0.0
British Indian Ocean Ter.,IOT,2019,0.0
British Indian Ocean Ter.,IOT,2020,0.0
British Indian Ocean Ter.,IOT,2021,0.0
British Indian Ocean Ter.,IOT,2022,0.0
British Indian Ocean Ter.,IOT,2023,0.0
British Indian Ocean Ter.,IOT,2024,0.0
British Indian Ocean Ter.,IOT,2025,0.0
British Indian Ocean Ter.,IOT,2026,0.0
British Indian Ocean Ter.,IOT,2027,0.0
British Indian Ocean Ter.,IOT,2028,0.0
British Virgin Islands,VGB,2018,335000.0
British Virgin Islands,VGB,2019,335000.0
British Virgin Islands,VGB,2020,335000.0
British Virgin Islands,VGB,2021,335000.0
British Virgin Islands,VGB,2022,335000.0
British Virgin Islands,VGB,2023,335000.0
British Virgin Islands,VGB,2024,335000.0
British Virgin Islands,VGB,2025,335000.0
British Virgin Islands,VGB,2026,335000.0
British Virgin Islands,VGB,2027,335000.0
British Virgin Islands,VGB,2028,335000.0
Brunei,BRN,2018,259000.0
Brunei,BRN,2019,259000.0
Brunei,BRN,2020,259000.0
Brunei,BRN,2021,259000.0
Brunei,BRN,2022,259000.0
Brunei,BRN,2023,259000.0
Brunei,BRN,2024,259000.0
Brunei,BRN,2025,259000.0
Brunei,BRN,2026,259000.0
Brunei,BRN,2027,259000.0
Brunei,BRN,2028,259000.0
Bulgaria,BGR,2018,8883000.0
Bulgaria,BGR,2019,8883000.0
Bulgaria,BGR,2020,8883000.0
Bulgaria,BGR,2021,8883000.0
Bulgaria,BGR,2022,8883000.0
Bulgaria,BGR,2023,8883000.0
Bulgaria,BGR,2024,8883000.0
Bulgaria,BGR,2025,8883000.0
Bulgaria,BGR,2026,8883000.0
Bulgaria,BGR,2027,8883000.0
Bulgaria,BGR,2028,8883000.0
Burkina Faso,BFA,2018,143000.0
Burkina Faso,BFA,2019,143000.0
Burkina Faso,BFA,2020,143000.0
Burkina Faso,BFA,2021,143000.0
Burkina Faso,BFA,2022,143000.0
Burkina Faso,BFA,2023,143000.0
Burkina Faso,BFA,2024,143000.0
Burkina Faso,BFA,2025,143000.0
Burkina Faso,BFA,2026,143000.0
Burkina Faso,BFA,2027,143000.0
Burkina Faso,BFA,2028,143000.0
Burundi,BDI,2018,299000.0
Burundi,BDI,2019,299000.0
Burundi,BDI,2020,299000.0
Burundi,BDI,2021,299000.0
Burundi,BDI,2022,299000.0
Burundi,BDI,2023,299000.0
Burundi,BDI,2024,299000.0
Burundi,BDI,2025,299000.0
Burundi,BDI,2026,299000.0
Burundi,BDI,2027,299000.0
Burundi,BDI,2028,299000.0
Cambodia,KHM,2018,5602000.0
Cambodia,KHM,2019,5602000.0
Cambodia,KHM,2020,5602000.0
Cambodia,KHM,2021,5602000.0
Cambodia,KHM,2022,5602000.0
Cambodia,KHM,2023,5602000.0
Cambodia,KHM,2024,5602000.0
Cambodia,KHM,2025,5602000.0
Cambodia,KHM,2026,5602000.0
Cambodia,KHM,2027,5602000.0
Cambodia,KHM,2028,5602000.0
Cameroon,CMR,2018,0.0
Cameroon,CMR,2019,0.0
Cameroon,CMR,2020,0.0
Cameroon,CMR,2021,0.0
Cameroon,CMR,2022,0.0
Cameroon,CMR,2023,0.0
Cameroon,CMR,2024,0.0
Cameroon,CMR,2025,0.0
Cameroon,CMR,2026,0.0
Cameroon,CMR,2027,0.0
Cameroon,CMR,2028,0.0
Canada,CAN,2018,20798000.0
Canada,CAN,2019,20798000.0
Canada,CAN,2020,20798000.0
Canada,CAN,2021,20798000.0
Canada,CAN,2022,20798000.0
Canada,CAN,2023,20798000.0
Canada,CAN,2024,20798000.0
Canada,CAN,2025,20798000.0
Canada,CAN,2026,20798000.0
Canada,CAN,2027,20798000.0
Canada,CAN,2028,20798000.0
Cape Verde,CPV,2018,668000.0
Cape Verde,CPV,2019,668000.0
Cape Verde,CPV,2020,668000.0
Cape Verde,CPV,2021,668000.0
Cape Verde,CPV,2022,668000.0
Cape Verde,CPV,2023,668000.0
Cape Verde,CPV,2024,668000.0
Cape Verde,CPV,2025,668000.0
Cape Verde,CPV,2026,668000.0
Cape Verde,CPV,2027,668000.0
Cape Verde,CPV,2028,668000.0
Cayman Islands,CYM,2018,418000.0
Cayman Islands,CYM,2019,418000.0
Cayman Islands,CYM,2020,418000.0
Cayman Islands,CYM,2021,418000.0
Cayman Islands,CYM,2022,418000.0
Cayman Islands,CYM,2023,418000.0
Cayman Islands,CYM,2024,418000.0
Cayman Islands,CYM,2025,418000.0
Cayman Islands,CYM,2026,418000.0
Cayman Islands,CYM,2027,418000.0
Cayman Islands,CYM,2028,418000.0
Central African Republic,CAF,2018,0.0
Central African Republic,CAF,2019,0.0
Central African Republic,CAF,2020,0.0
Central African Republic,CAF,2021,0.0
Central African Republic,CAF,2022,0.0
Central African Republic,CAF,2023,0.0
Central African Republic,CAF,2024,0.0
Central African Republic,CAF,2025,0.0
Central African Republic,CAF,2026,0.0
Central African Republic,CAF,2027,0.0
Central African Republic,CAF,2028,0.0
Chad,TCD,2018,87000.0
Chad,TCD,2019,87000.0
Chad,TCD,2020,87000.0
Chad,TCD,2021,87000.0
Chad,TCD,2022,87000.0
Chad,TCD,2023,87000.0
Chad,TCD,2024,87000.0
Chad,TCD,2025,87000.0
Chad,TCD,2026,87000.0
Chad,TCD,2027,87000.0
Chad,TCD,2028,87000.0
Chile,CHL,2018,6450000.0
Chile,CHL,2019,6450000.0
Chile,CHL,2020,6450000.0
Chile,CHL,2021,6450000.0
Chile,CHL,2022,6450000.0
Chile,CHL,2023,6450000.0
Chile,CHL,2024,6450000.0
Chile,CHL,2025,6450000.0
Chile,CHL,2026,6450000.0
Chile,CHL,2027,6450000.0
Chile,CHL,2028,6450000.0
China,CHN,2018,60740000.0
China,CHN,2019,60740000.0
China,CHN,2020,60740000.0
China,CHN,2021,60740000.0
China,CHN,2022,60740000.0
China,CHN,2023,60740000.0
China,CHN,2024,60740000.0
China,CHN,2025,60740000.0
China,CHN,2026,60740000.0
China,CHN,2027,60740000.0
China,CHN,2028,60740000.0
Christmas Island,CXR,2018,0.0
Christmas Island,CXR,2019,0.0
Christmas Island,CXR,2020,0.0
Christmas Island,CXR,2021,0.0
Christmas Island,CXR,2022,0.0
Christmas Island,CXR,2023,0.0
Christmas Island,CXR,2024,0.0
Christmas Island,CXR,2025,0.0
Christmas Island,CXR,2026,0.0
Christmas Island,CXR,2027,0.0
Christmas Island,CXR,2028,0.0
Cocos (Keeling) Islands,CCK,2018,0.0
Cocos (Keeling) Islands,CCK,2019,0.0
Cocos (Keeling) Islands,CCK,2020,0.0
Cocos (Keeling) Islands,CCK,2021,0.0
Cocos (Keeling) Islands,CCK,2022,0.0
Cocos (Keeling) Islands,CCK,2023,0.0
Cocos (Keeling) Islands,CCK,2024,0.0
Cocos (Keeling) Islands,CCK,2025,0.0
Cocos (Keeling) Islands,CCK,2026,0.0
Cocos (Keeling) Islands,CCK,2027,0.0
Cocos (Keeling) Islands,CCK,2028,0.0
Colombia,COL,2018,4113000.0
Colombia,COL,2019,4113000.0
Colombia,COL,2020,4113000.0
Colombia,COL,2021,4113000.0
Colombia,COL,2022,4113000.0
Colombia,COL,2023,4113000.0
Colombia,COL,2024,4113000.0
Colombia,COL,2025,4113000.0
Colombia,COL,2026,4113000.0
Colombia,COL,2027,4113000.0
Colombia,COL,2028,4113000.0
Comoros,COM,2018,28000.0
Comoros,COM,2019,28000.0
Comoros,COM,2020,28000.0
Comoros,COM,2021,28000.0
Comoros,COM,2022,28000.0
Comoros,COM,2023,28000.0
Comoros,COM,2024,28000.0
Comoros,COM,2025,28000.0
Comoros,COM,2026,28000.0
Comoros,COM,2027,28000.0
Comoros,COM,2028,28000.0
"Congo, Dem. Rep.",ZAR,2018,0.0
"Congo, Dem. Rep.",ZAR,2019,0.0
"Congo, Dem. Rep.",ZAR,2020,0.0
"Congo, Dem. Rep.",ZAR,2021,0.0
"Congo, Dem. Rep.",ZAR,2022,0.0
"Congo, Dem. Rep.",ZAR,2023,0.0
"Congo, Dem. Rep.",ZAR,2024,0.0
"Congo, Dem. Rep.",ZAR,2025,0.0
"Congo, Dem. Rep.",ZAR,2026,0.0
"Congo, Dem. Rep.",ZAR,2027,0.0
"Congo, Dem. Rep.",ZAR,2028,0.0
"Congo, Rep.",COG,2018,206000.0
"Congo, Rep.",COG,2019,206000.0
"Congo, Rep.",COG,2020,206000.0
"Congo, Rep.",COG,2021,206000.0
"Congo, Rep.",COG,2022,206000.0
"Congo, Rep.",COG,2023,206000.0
"Congo, Rep.",COG,2024,206000.0
"Congo, Rep.",COG,2025,206000.0
"Congo, Rep.",COG,2026,206000.0
"Congo, Rep.",COG,2027,206000.0
"Congo, Rep.",COG,2028,206000.0
Cook Islands,COK,2018,0.0
Cook Islands,COK,2019,0.0
Cook Islands,COK,2020,0.0
Cook Islands,COK,2021,0.0
Cook Islands,COK,2022,0.0
Cook Islands,COK,2023,0.0
Cook Islands,COK,2024,0.0
Cook Islands,COK,2025,0.0
Cook Islands,COK,2026,0.0
Cook Islands,COK,2027,0.0
Cook Islands,COK,2028,0.0
Costa Rica,CRI,2018,2960000.0
Costa Rica,CRI,2019,2960000.0
Costa Rica,CRI,2020,2960000.0
Costa Rica,CRI,2021,2960000.0
Costa Rica,CRI,2022,2960000.0
Costa Rica,CRI,2023,2960000.0
Costa Rica,CRI,2024,2960000.0
Costa Rica,CRI,2025,2960000.0
Costa Rica,CRI,2026,2960000.0
Costa Rica,CRI,2027,2960000.0
Costa Rica,CRI,2028,2960000.0
Cote d'Ivoire,CIV,2018,1800000.0
Cote d'Ivoire,CIV,2019,1800000.0
Cote d'Ivoire,CIV,2020,1800000.0
Cote d'Ivoire,CIV,2021,1800000.0
Cote d'Ivoire,CIV,2022,1800000.0
Cote d'Ivoire,CIV,2023,1800000.0
Cote d'Ivoire,CIV,2024,1800000.0
Cote d'Ivoire,CIV,2025,1800000.0
Cote d'Ivoire,CIV,2026,1800000.0
Cote d'Ivoire,CIV,2027,1800000.0
Cote d'Ivoire,CIV,2028,1800000.0
Croatia,HRV,2018,15593000.0
Croatia,HRV,2019,15593000.0
Croatia,HRV,2020,15593000.0
Croatia,HRV,2021,15593000.0
Croatia,HRV,2022,15593000.0
Croatia,HRV,2023,15593000.0
Croatia,HRV,2024,15593000.0
Croatia,HRV,2025,15593000.0
Croatia,HRV,2026,15593000.0
Croatia,HRV,2027,15593000.0
Croatia,HRV,2028,15593000.0
Cuba,CUB,2018,4594000.0
Cuba,CUB,2019,4594000.0
Cuba,CUB,2020,4594000.0
Cuba,CUB,2021,4594000.0
Cuba,CUB,2022,4594000.0
Cuba,CUB,2023,4594000.0
Cuba,CUB,2024,4594000.0
Cuba,CUB,2025,4594000.0
Cuba,CUB,2026,4594000.0
Cuba,CUB,2027,4594000.0
Cuba,CUB,2028,4594000.0
Cyprus,CYP,2018,3652000.0
Cyprus,CYP,2019,3652000.0
Cyprus,CYP,2020,3652000.0
Cyprus,CYP,2021,3652000.0
Cyprus,CYP,2022,3652000.0
Cyprus,CYP,2023,3652000.0
Cyprus,CYP,2024,3652000.0
Cyprus,CYP,2025,3652000.0
Cyprus,CYP,2026,3652000.0
Cyprus,CYP,2027,3652000.0
Cyprus,CYP,2028,3652000.0
Czech Republic,CZE,2018,10160000.0
Czech Republic,CZE,2019,10160000.0
Czech Republic,CZE,2020,10160000.0
Czech Republic,CZE,2021,10160000.0
Czech Republic,CZE,2022,10160000.0
Czech Republic,CZE,2023,10160000.0
Czech Republic,CZE,2024,10160000.0
Czech Republic,CZE,2025,10160000.0
Czech Republic,CZE,2026,10160000.0
Czech Republic,CZE,2027,10160000.0
Czech Republic,CZE,2028,10160000.0
Czechoslovakia,CSK,2018,0.0
Czechoslovakia,CSK,2019,0.0
Czechoslovakia,CSK,2020,0.0
Czechoslovakia,CSK,2021,0.0
Czechoslovakia,CSK,2022,0.0
Czechoslovakia,CSK,2023,0.0
Czechoslovakia,CSK,2024,0.0
Czechoslovakia,CSK,2025,0.0
Czechoslovakia,CSK,2026,0.0
Czechoslovakia,CSK,2027,0.0
Czechoslovakia,CSK,2028,0.0
Denmark,DNK,2018,11743000.0
Denmark,DNK,2019,11743000.0
Denmark,DNK,2020,11743000.0
Denmark,DNK,2021,11743000.0
Denmark,DNK,2022,11743000.0
Denmark,DNK,2023,11743000.0
Denmark,DNK,2024,11743000.0
Denmark,DNK,2025,11743000.0
Denmark,DNK,2026,11743000.0
Denmark,DNK,2027,11743000.0
Denmark,DNK,2028,11743000.0
Djibouti,DJI,2018,0.0
Djibouti,DJI,2019,0.0
Djibouti,DJI,2020,0.0
Djibouti,DJI,2021,0.0
Djibouti,DJI,2022,0.0
Djibouti,DJI,2023,0.0
Djibouti,DJI,2024,0.0
Djibouti,DJI,2025,0.0
Djibouti,DJI,2026,0.0
Djibouti,DJI,2027,0.0
Djibouti,DJI,2028,0.0
Dominica,DMA,2018,72000.0
Dominica,DMA,2019,72000.0
Dominica,DMA,2020,72000.0
Dominica,DMA,2021,72000.0
Dominica,DMA,2022,72000.0
Dominica,DMA,2023,72000.0
Dominica,DMA,2024,72000.0
Dominica,DMA,2025,72000.0
Dominica,DMA,2026,72000.0
Dominica,DMA,2027,72000.0
Dominica,DMA,2028,72000.0
Dominican Republic,DOM,2018,6188000.0
Dominican Republic,DOM,2019,6188000.0
Dominican Republic,DOM,2020,6188000.0
Dominican Republic,DOM,2021,6188000.0
Dominican Republic,DOM,2022,6188000.0
Dominican Republic,DOM,2023,6188000.0
Dominican Republic,DOM,2024,6188000.0
Dominican Republic,DOM,2025,6188000.0
Dominican Republic,DOM,2026,6188000.0
Dominican Republic,DOM,2027,6188000.0
Dominican Republic,DOM,2028,6188000.0
East Timor,TMP,2018,0.0
East Timor,TMP,2019,0.0
East Timor,TMP,2020,0.0
East Timor,TMP,2021,0.0
East Timor,TMP,2022,0.0
East Timor,TMP,2023,0.0
East Timor,TMP,2024,0.0
East Timor,TMP,2025,0.0
East Timor,TMP,2026,0.0
East Timor,TMP,2027,0.0
East Timor,TMP,2028,0.0
Ecuador,ECU,2018,1608000.0
Ecuador,ECU,2019,1608000.0
Ecuador,ECU,2020,1608000.0
Ecuador,ECU,2021,1608000.0
Ecuador,ECU,2022,1608000.0
Ecuador,ECU,2023,1608000.0
Ecuador,ECU,2024,1608000.0
Ecuador,ECU,2025,1608000.0
Ecuador,ECU,2026,1608000.0
Ecuador,ECU,2027,1608000.0
Ecuador,ECU,2028,1608000.0
"Egypt, Arab Rep.",EGY,2018,8157000.0
"Egypt, Arab Rep.",EGY,2019,8157000.0
"Egypt, Arab Rep.",EGY,2020,8157000.0
"Egypt, Arab Rep.",EGY,2021,8157000.0
"Egypt, Arab Rep.",EGY,2022,8157000.0
"Egypt, Arab Rep.",EGY,2023,8157000.0
"Egypt, Arab Rep.",EGY,2024,8157000.0
"Egypt, Arab Rep.",EGY,2025,8157000.0
"Egypt, Arab Rep.",EGY,2026,8157000.0
"Egypt, Arab Rep.",EGY,2027,8157000.0
"Egypt, Arab Rep.",EGY,2028,8157000.0
El Salvador,SLV,2018,1556000.0
El Salvador,SLV,2019,1556000.0
El Salvador,SLV,2020,1556000.0
El Salvador,SLV,2021,1556000.0
El Salvador,SLV,2022,1556000.0
El Salvador,SLV,2023,1556000.0
El Salvador,SLV,2024,1556000.0
El Salvador,SLV,2025,1556000.0
El Salvador,SLV,2026,1556000.0
El Salvador,SLV,2027,1556000.0
El Salvador,SLV,2028,1556000.0
Equatorial Guinea,GNQ,2018,0.0
Equatorial Guinea,GNQ,2019,0.0
Equatorial Guinea,GNQ,2020,0.0
Equatorial Guinea,GNQ,2021,0.0
Equatorial Guinea,GNQ,2022,0.0
Equatorial Guinea,GNQ,2023,0.0
Equatorial Guinea,GNQ,2024,0.0
Equatorial Guinea,GNQ,2025,0.0
Equatorial Guinea,GNQ,2026,0.0
Equatorial Guinea,GNQ,2027,0.0
Equatorial Guinea,GNQ,2028,0.0
Eritrea,ERI,2018,0.0
Eritrea,ERI,2019,0.0
Eritrea,ERI,2020,0.0
Eritrea,ERI,2021,0.0
Eritrea,ERI,2022,0.0
Eritrea,ERI,2023,0.0
Eritrea,ERI,2024,0.0
Eritrea,ERI,2025,0.0
Eritrea,ERI,2026,0.0
Eritrea,ERI,2027,0.0
Eritrea,ERI,2028,0.0
Estonia,EST,2018,3245000.0
Estonia,EST,2019,3245000.0
Estonia,EST,2020,3245000.0
Estonia,EST,2021,3245000.0
Estonia,EST,2022,3245000.0
Estonia,EST,2023,3245000.0
Estonia,EST,2024,3245000.0
Estonia,EST,2025,3245000.0
Estonia,EST,2026,3245000.0
Estonia,EST,2027,3245000.0
Estonia,EST,2028,3245000.0
Ethiopia (excludes Eritrea),ETH,2018,933000.0
Ethiopia (excludes Eritrea),ETH,2019,933000.0
Ethiopia (excludes Eritrea),ETH,2020,933000.0
Ethiopia (excludes Eritrea),ETH,2021,933000.0
Ethiopia (excludes Eritrea),ETH,2022,933000.0
Ethiopia (excludes Eritrea),ETH,2023,933000.0
Ethiopia (excludes Eritrea),ETH,2024,933000.0
Ethiopia (excludes Eritrea),ETH,2025,933000.0
Ethiopia (excludes Eritrea),ETH,2026,933000.0
Ethiopia (excludes Eritrea),ETH,2027,933000.0
Ethiopia (excludes Eritrea),ETH,2028,933000.0
Ethiopia (includes Eritrea),ETF,2018,0.0
Ethiopia (includes Eritrea),ETF,2019,0.0
Ethiopia (includes Eritrea),ETF,2020,0.0
Ethiopia (includes Eritrea),ETF,2021,0.0
Ethiopia (includes Eritrea),ETF,2022,0.0
Ethiopia (includes Eritrea),ETF,2023,0.0
Ethiopia (includes Eritrea),ETF,2024,0.0
Ethiopia (includes Eritrea),ETF,2025,0.0
Ethiopia (includes Eritrea),ETF,2026,0.0
Ethiopia (includes Eritrea),ETF,2027,0.0
Ethiopia (includes Eritrea),ETF,2028,0.0
European Union,EUN,2018,0.0
European Union,EUN,2019,0.0
European Union,EUN,2020,0.0
European Union,EUN,2021,0.0
European Union,EUN,2022,0.0
European Union,EUN,2023,0.0
European Union,EUN,2024,0.0
European Union,EUN,2025,0.0
European Union,EUN,2026,0.0
European Union,EUN,2027,0.0
European Union,EUN,2028,0.0
Faeroe Islands,FRO,2018,0.0
Faeroe Islands,FRO,2019,0.0
Faeroe Islands,FRO,2020,0.0
Faeroe Islands,FRO,2021,0.0
Faeroe Islands,FRO,2022,0.0
Faeroe Islands,FRO,2023,0.0
Faeroe Islands,FRO,2024,0.0
Faeroe Islands,FRO,2025,0.0
Faeroe Islands,FRO,2026,0.0
Faeroe Islands,FRO,2027,0.0
Faeroe Islands,FRO,2028,0.0
Falkland Island,FLK,2018,0.0
Falkland Island,FLK,2019,0.0
Falkland Island,FLK,2020,0.0
Falkland Island,FLK,2021,0.0
Falkland Island,FLK,2022,0.0
Falkland Island,FLK,2023,0.0
Falkland Island,FLK,2024,0.0
Falkland Island,FLK,2025,0.0
Falkland Island,FLK,2026,0.0
Falkland Island,FLK,2027,0.0
Falkland Island,FLK,2028,0.0
Fiji,FJI,2018,843000.0
Fiji,FJI,2019,843000.0
Fiji,FJI,2020,843000.0
Fiji,FJI,2021,843000.0
Fiji,FJI,2022,843000.0
Fiji,FJI,2023,843000.0
Fiji,FJI,2024,843000.0
Fiji,FJI,2025,843000.0
Fiji,FJI,2026,843000.0
Fiji,FJI,2027,843000.0
Fiji,FJI,2028,843000.0
Finland,FIN,2018,3180000.0
Finland,FIN,2019,3180000.0
Finland,FIN,2020,3180000.0
Finland,FIN,2021,3180000.0
Finland,FIN,2022,3180000.0
Finland,FIN,2023,3180000.0
Finland,FIN,2024,3180000.0
Finland,FIN,2025,3180000.0
Finland,FIN,2026,3180000.0
Finland,FIN,2027,3180000.0
Finland,FIN,2028,3180000.0
Fm Panama Cz,PCZ,2018,0.0
Fm Panama Cz,PCZ,2019,0.0
Fm Panama Cz,PCZ,2020,0.0
Fm Panama Cz,PCZ,2021,0.0
Fm Panama Cz,PCZ,2022,0.0
Fm Panama Cz,PCZ,2023,0.0
Fm Panama Cz,PCZ,2024,0.0
Fm Panama Cz,PCZ,2025,0.0
Fm Panama Cz,PCZ,2026,0.0
Fm Panama Cz,PCZ,2027,0.0
Fm Panama Cz,PCZ,2028,0.0
Fm Rhod Nyas,ZW1,2018,0.0
Fm Rhod Nyas,ZW1,2019,0.0
Fm Rhod Nyas,ZW1,2020,0.0
Fm Rhod Nyas,ZW1,2021,0.0
Fm Rhod Nyas,ZW1,2022,0.0
Fm Rhod Nyas,ZW1,2023,0.0
Fm Rhod Nyas,ZW1,2024,0.0
Fm Rhod Nyas,ZW1,2025,0.0
Fm Rhod Nyas,ZW1,2026,0.0
Fm Rhod Nyas,ZW1,2027,0.0
Fm Rhod Nyas,ZW1,2028,0.0
Fm Tanganyik,TAN,2018,0.0
Fm Tanganyik,TAN,2019,0.0
Fm Tanganyik,TAN,2020,0.0
Fm Tanganyik,TAN,2021,0.0
Fm Tanganyik,TAN,2022,0.0
Fm Tanganyik,TAN,2023,0.0
Fm Tanganyik,TAN,2024,0.0
Fm Tanganyik,TAN,2025,0.0
Fm Tanganyik,TAN,2026,0.0
Fm Tanganyik,TAN,2027,0.0
Fm Tanganyik,TAN,2028,0.0
Fm Vietnam Dr,VDR,2018,0.0
Fm Vietnam Dr,VDR,2019,0.0
Fm Vietnam Dr,VDR,2020,0.0
Fm Vietnam Dr,VDR,2021,0.0
Fm Vietnam Dr,VDR,2022,0.0
Fm Vietnam Dr,VDR,2023,0.0
Fm Vietnam Dr,VDR,2024,0.0
Fm Vietnam Dr,VDR,2025,0.0
Fm Vietnam Dr,VDR,2026,0.0
Fm Vietnam Dr,VDR,2027,0.0
Fm Vietnam Dr,VDR,2028,0.0
Fm Vietnam Rp,SVR,2018,0.0
Fm Vietnam Rp,SVR,2019,0.0
Fm Vietnam Rp,SVR,2020,0.0
Fm Vietnam Rp,SVR,2021,0.0
Fm Vietnam Rp,SVR,2022,0.0
Fm Vietnam Rp,SVR,2023,0.0
Fm Vietnam Rp,SVR,2024,0.0
Fm Vietnam Rp,SVR,2025,0.0
Fm Vietnam Rp,SVR,2026,0.0
Fm Vietnam Rp,SVR,2027,0.0
Fm Vietnam Rp,SVR,2028,0.0
Fm Zanz-Pemb,ZPM,2018,0.0
Fm Zanz-Pemb,ZPM,2019,0.0
Fm Zanz-Pemb,ZPM,2020,0.0
Fm Zanz-Pemb,ZPM,2021,0.0
Fm Zanz-Pemb,ZPM,2022,0.0
Fm Zanz-Pemb,ZPM,2023,0.0
Fm Zanz-Pemb,ZPM,2024,0.0
Fm Zanz-Pemb,ZPM,2025,0.0
Fm Zanz-Pemb,ZPM,2026,0.0
Fm Zanz-Pemb,ZPM,2027,0.0
Fm Zanz-Pemb,ZPM,2028,0.0
Fr. So. Ant. Tr,ATF,2018,0.0
Fr. So. Ant. Tr,ATF,2019,0.0
Fr. So. Ant. Tr,ATF,2020,0.0
Fr. So. Ant. Tr,ATF,2021,0.0
Fr. So. Ant. Tr,ATF,2022,0.0
Fr. So. Ant. Tr,ATF,2023,0.0
Fr. So. Ant. Tr,ATF,2024,0.0
Fr. So. Ant. Tr,ATF,2025,0.0
Fr. So. Ant. Tr,ATF,2026,0.0
Fr. So. Ant. Tr,ATF,2027,0.0
Fr. So. Ant. Tr,ATF,2028,0.0
France,FRA,2018,86861000.0
France,FRA,2019,86861000.0
France,FRA,2020,86861000.0
France,FRA,2021,86861000.0
France,FRA,2022,86861000.0
France,FRA,2023,86861000.0
France,FRA,2024,86861000.0
France,FRA,2025,86861000.0
France,FRA,2026,86861000.0
France,FRA,2027,86861000.0
France,FRA,2028,86861000.0
Free Zones,FRE,2018,0.0
Free Zones,FRE,2019,0.0
Free Zones,FRE,2020,0.0
Free Zones,FRE,2021,0.0
Free Zones,FRE,2022,0.0
Free Zones,FRE,2023,0.0
Free Zones,FRE,2024,0.0
Free Zones,FRE,2025,0.0
Free Zones,FRE,2026,0.0
Free Zones,FRE,2027,0.0
Free Zones,FRE,2028,0.0
French Guiana,GUF,2018,0.0
French Guiana,GUF,2019,0.0
French Guiana,GUF,2020,0.0
French Guiana,GUF,2021,0.0
French Guiana,GUF,2022,0.0
French Guiana,GUF,2023,0.0
French Guiana,GUF,2024,0.0
French Guiana,GUF,2025,0.0
French Guiana,GUF,2026,0.0
French Guiana,GUF,2027,0.0
French Guiana,GUF,2028,0.0
French Polynesia,PYF,2018,199000.0
French Polynesia,PYF,2019,199000.0
French Polynesia,PYF,2020,199000.0
French Polynesia,PYF,2021,199000.0
French Polynesia,PYF,2022,199000.0
French Polynesia,PYF,2023,199000.0
French Polynesia,PYF,2024,199000.0
French Polynesia,PYF,2025,199000.0
French Polynesia,PYF,2026,199000.0
French Polynesia,PYF,2027,199000.0
French Polynesia,PYF,2028,199000.0
Gabon,GAB,2018,0.0
Gabon,GAB,2019,0.0
Gabon,GAB,2020,0.0
Gabon,GAB,2021,0.0
Gabon,GAB,2022,0.0
Gabon,GAB,2023,0.0
Gabon,GAB,2024,0.0
Gabon,GAB,2025,0.0
Gabon,GAB,2026,0.0
Gabon,GAB,2027,0.0
Gabon,GAB,2028,0.0
"Gambia, The",GMB,2018,162000.0
"Gambia, The",GMB,2019,162000.0
"Gambia, The",GMB,2020,162000.0
"Gambia, The",GMB,2021,162000.0
"Gambia, The",GMB,2022,162000.0
"Gambia, The",GMB,2023,162000.0
"Gambia, The",GMB,2024,162000.0
"Gambia, The",GMB,2025,162000.0
"Gambia, The",GMB,2026,162000.0
"Gambia, The",GMB,2027,162000.0
"Gambia, The",GMB,2028,162000.0
Gaza Strip,GAZ,2018,0.0
Gaza Strip,GAZ,2019,0.0
Gaza Strip,GAZ,2020,0.0
Gaza Strip,GAZ,2021,0.0
Gaza Strip,GAZ,2022,0.0
Gaza Strip,GAZ,2023,0.0
Gaza Strip,GAZ,2024,0.0
Gaza Strip,GAZ,2025,0.0
Gaza Strip,GAZ,2026,0.0
Gaza Strip,GAZ,2027,0.0
Gaza Strip,GAZ,2028,0.0
Georgia,GEO,2018,6483000.0
Georgia,GEO,2019,6483000.0
Georgia,GEO,2020,6483000.0
Georgia,GEO,2021,6483000.0
Georgia,GEO,2022,6483000.0
Georgia,GEO,2023,6483000.0
Georgia,GEO,2024,6483000.0
Georgia,GEO,2025,6483000.0
Georgia,GEO,2026,6483000.0
Georgia,GEO,2027,6483000.0
Georgia,GEO,2028,6483000.0
German Democratic Republic,DDR,2018,0.0
German Democratic Republic,DDR,2019,0.0
German Democratic Republic,DDR,2020,0.0
German Democratic Republic,DDR,2021,0.0
German Democratic Republic,DDR,2022,0.0
German Democratic Republic,DDR,2023,0.0
German Democratic Republic,DDR,2024,0.0
German Democratic Republic,DDR,2025,0.0
German Democratic Republic,DDR,2026,0.0
German Democratic Republic,DDR,2027,0.0
German Democratic Republic,DDR,2028,0.0
Germany,DEU,2018,37452000.0
Germany,DEU,2019,37452000.0
Germany,DEU,2020,37452000.0
Germany,DEU,2021,37452000.0
Germany,DEU,2022,37452000.0
Germany,DEU,2023,37452000.0
Germany,DEU,2024,37452000.0
Germany,DEU,2025,37452000.0
Germany,DEU,2026,37452000.0
Germany,DEU,2027,37452000.0
Germany,DEU,2028,37452000.0
Ghana,GHA,2018,0.0
Ghana,GHA,2019,0.0
Ghana,GHA,2020,0.0
Ghana,GHA,2021,0.0
Ghana,GHA,2022,0.0
Ghana,GHA,2023,0.0
Ghana,GHA,2024,0.0
Ghana,GHA,2025,0.0
Ghana,GHA,2026,0.0
Ghana,GHA,2027,0.0
Ghana,GHA,2028,0.0
Gibraltar,GIB,2018,0.0
Gibraltar,GIB,2019,0.0
Gibraltar,GIB,2020,0.0
Gibraltar,GIB,2021,0.0
Gibraltar,GIB,2022,0.0
Gibraltar,GIB,2023,0.0
Gibraltar,GIB,2024,0.0
Gibraltar,GIB,2025,0.0
Gibraltar,GIB,2026,0.0
Gibraltar,GIB,2027,0.0
Gibraltar,GIB,2028,0.0
Greece,GRC,2018,27194000.0
Greece,GRC,2019,27194000.0
Greece,GRC,2020,27194000.0
Greece,GRC,2021,27194000.0
Greece,GRC,2022,27194000.0
Greece,GRC,2023,27194000.0
Greece,GRC,2024,27194000.0
Greece,GRC,2025,27194000.0
Greece,GRC,2026,27194000.0
Greece,GRC,2027,27194000.0
Greece,GRC,2028,27194000.0
Greenland,GRL,2018,0.0
Greenland,GRL,2019,0.0
Greenland,GRL,2020,0.0
Greenland,GRL,2021,0.0
Greenland,GRL,2022,0.0
Greenland,GRL,2023,0.0
Greenland,GRL,2024,0.0
Greenland,GRL,2025,0.0
Greenland,GRL,2026,0.0
Greenland,GRL,2027,0.0
Greenland,GRL,2028,0.0
Grenada,GRD,2018,168000.0
Grenada,GRD,2019,168000.0
Grenada,GRD,2020,168000.0
Grenada,GRD,2021,168000.0
Grenada,GRD,2022,168000.0
Grenada,GRD,2023,168000.0
Grenada,GRD,2024,168000.0
Grenada,GRD,2025,168000.0
Grenada,GRD,2026,168000.0
Grenada,GRD,2027,168000.0
Grenada,GRD,2028,168000.0
Guadeloupe,GLP,2018,0.0
Guadeloupe,GLP,2019,0.0
Guadeloupe,GLP,2020,0.0
Guadeloupe,GLP,2021,0.0
Guadeloupe,GLP,2022,0.0
Guadeloupe,GLP,2023,0.0
Guadeloupe,GLP,2024,0.0
Guadeloupe,GLP,2025,0.0
Guadeloupe,GLP,2026,0.0
Guadeloupe,GLP,2027,0.0
Guadeloupe,GLP,2028,0.0
Guam,GUM,2018,1544000.0
Guam,GUM,2019,1544000.0
Guam,GUM,2020,1544000.0
Guam,GUM,2021,1544000.0
Guam,GUM,2022,1544000.0
Guam,GUM,2023,1544000.0
Guam,GUM,2024,1544000.0
Guam,GUM,2025,1544000.0
Guam,GUM,2026,1544000.0
Guam,GUM,2027,1544000.0
Guam,GUM,2028,1544000.0
Guatemala,GTM,2018,2113000.0
Guatemala,GTM,2019,2113000.0
Guatemala,GTM,2020,2113000.0
Guatemala,GTM,2021,2113000.0
Guatemala,GTM,2022,2113000.0
Guatemala,GTM,2023,2113000.0
Guatemala,GTM,2024,2113000.0
Guatemala,GTM,2025,2113000.0
Guatemala,GTM,2026,2113000.0
Guatemala,GTM,2027,2113000.0
Guatemala,GTM,2028,2113000.0
Guinea,GIN,2018,0.0
Guinea,GIN,2019,0.0
Guinea,GIN,2020,0.0
Guinea,GIN,2021,0.0
Guinea,GIN,2022,0.0
Guinea,GIN,2023,0.0
Guinea,GIN,2024,0.0
Guinea,GIN,2025,0.0
Guinea,GIN,2026,0.0
Guinea,GIN,2027,0.0
Guinea,GIN,2028,0.0
Guinea-Bissau,GNB,2018,0.0
Guinea-Bissau,GNB,2019,0.0
Guinea-Bissau,GNB,2020,0.0
Guinea-Bissau,GNB,2021,0.0
Guinea-Bissau,GNB,2022,0.0
Guinea-Bissau,GNB,2023,0.0
Guinea-Bissau,GNB,2024,0.0
Guinea-Bissau,GNB,2025,0.0
Guinea-Bissau,GNB,2026,0.0
Guinea-Bissau,GNB,2027,0.0
Guinea-Bissau,GNB,2028,0.0
Guyana,GUY,2018,247000.0
Guyana,GUY,2019,247000.0
Guyana,GUY,2020,247000.0
Guyana,GUY,2021,247000.0
Guyana,GUY,2022,247000.0
Guyana,GUY,2023,247000.0
Guyana,GUY,2024,247000.0
Guyana,GUY,2025,247000.0
Guyana,GUY,2026,247000.0
Guyana,GUY,2027,247000.0
Guyana,GUY,2028,247000.0
Haiti,HTI,2018,467000.0
Haiti,HTI,2019,467000.0
Haiti,HTI,2020,467000.0
Haiti,HTI,2021,467000.0
Haiti,HTI,2022,467000.0
Haiti,HTI,2023,467000.0
Haiti,HTI,2024,467000.0
Haiti,HTI,2025,467000.0
Haiti,HTI,2026,467000.0
Haiti,HTI,2027,467000.0
Haiti,HTI,2028,467000.0
Holy See,VAT,2018,0.0
Holy See,VAT,2019,0.0
Holy See,VAT,2020,0.0
Holy See,VAT,2021,0.0
Holy See,VAT,2022,0.0
Holy See,VAT,2023,0.0
Holy See,VAT,2024,0.0
Holy See,VAT,2025,0.0
Holy See,VAT,2026,0.0
Holy See,VAT,2027,0.0
Holy See,VAT,2028,0.0
Honduras,HND,2018,851000.0
Honduras,HND,2019,851000.0
Honduras,HND,2020,851000.0
Honduras,HND,2021,851000.0
Honduras,HND,2022,851000.0
Honduras,HND,2023,851000.0
Honduras,HND,2024,851000.0
Honduras,HND,2025,851000.0
Honduras,HND,2026,851000.0
Honduras,HND,2027,851000.0
Honduras,HND,2028,851000.0
"Hong Kong SAR, China",HKG,2018,27884000.0
"Hong Kong SAR, China",HKG,2019,27884000.0
"Hong Kong SAR, China",HKG,2020,27884000.0
"Hong Kong SAR, China",HKG,2021,27884000.0
"Hong Kong SAR, China",HKG,2022,27884000.0
"Hong Kong SAR, China",HKG,2023,27884000.0
"Hong Kong SAR, China",HKG,2024,27884000.0
"Hong Kong SAR, China",HKG,2025,27884000.0
"Hong Kong SAR, China",HKG,2026,27884000.0
"Hong Kong SAR, China",HKG,2027,27884000.0
"Hong Kong SAR, China",HKG,2028,27884000.0
Hungary,HUN,2018,5650000.0
Hungary,HUN,2019,5650000.0
Hungary,HUN,2020,5650000.0
Hungary,HUN,2021,5650000.0
Hungary,HUN,2022,5650000.0
Hungary,HUN,2023,5650000.0
Hungary,HUN,2024,5650000.0
Hungary,HUN,2025,5650000.0
Hungary,HUN,2026,5650000.0
Hungary,HUN,2027,5650000.0
Hungary,HUN,2028,5650000.0
Iceland,ISL,2018,2225000.0
Iceland,ISL,2019,2225000.0
Iceland,ISL,2020,2225000.0
Iceland,ISL,2021,2225000.0
Iceland,ISL,2022,2225000.0
Iceland,ISL,2023,2225000.0
Iceland,ISL,2024,2225000.0
Iceland,ISL,2025,2225000.0
Iceland,ISL,2026,2225000.0
Iceland,ISL,2027,2225000.0
Iceland,ISL,2028,2225000.0
India,IND,2018,15543000.0
India,IND,2019,15543000.0
India,IND,2020,15543000.0
India,IND,2021,15543000.0
India,IND,2022,15543000.0
India,IND,2023,15543000.0
India,IND,2024,15543000.0
India,IND,2025,15543000.0
India,IND,2026,15543000.0
India,IND,2027,15543000.0
India,IND,2028,15543000.0
Indonesia,IDN,2018,14040000.0
Indonesia,IDN,2019,14040000.0
Indonesia,IDN,2020,14040000.0
Indonesia,IDN,2021,14040000.0
Indonesia,IDN,2022,14040000.0
Indonesia,IDN,2023,14040000.0
Indonesia,IDN,2024,14040000.0
Indonesia,IDN,2025,14040000.0
Indonesia,IDN,2026,14040000.0
Indonesia,IDN,2027,14040000.0
Indonesia,IDN,2028,14040000.0
"Iran, Islamic Rep.",IRN,2018,4867000.0
"Iran, Islamic Rep.",IRN,2019,4867000.0
"Iran, Islamic Rep.",IRN,2020,4867000.0
"Iran, Islamic Rep.",IRN,2021,4867000.0
"Iran, Islamic Rep.",IRN,2022,4867000.0
"Iran, Islamic Rep.",IRN,2023,4867000.0
"Iran, Islamic Rep.",IRN,2024,4867000.0
"Iran, Islamic Rep.",IRN,2025,4867000.0
"Iran, Islamic Rep.",IRN,2026,4867000.0
"Iran, Islamic Rep.",IRN,2027,4867000.0
"Iran, Islamic Rep.",IRN,2028,4867000.0
Iraq,IRQ,2018,0.0
Iraq,IRQ,2019,0.0
Iraq,IRQ,2020,0.0
Iraq,IRQ,2021,0.0
Iraq,IRQ,2022,0.0
Iraq,IRQ,2023,0.0
Iraq,IRQ,2024,0.0
Iraq,IRQ,2025,0.0
Iraq,IRQ,2026,0.0
Iraq,IRQ,2027,0.0
Iraq,IRQ,2028,0.0
Ireland,IRL,2018,10338000.0
Ireland,IRL,2019,10338000.0
Ireland,IRL,2020,10338000.0
Ireland,IRL,2021,10338000.0
Ireland,IRL,2022,10338000.0
Ireland,IRL,2023,10338000.0
Ireland,IRL,2024,10338000.0
Ireland,IRL,2025,10338000.0
Ireland,IRL,2026,10338000.0
Ireland,IRL,2027,10338000.0
Ireland,IRL,2028,10338000.0
Israel,ISR,2018,3613000.0
Israel,ISR,2019,3613000.0
Israel,ISR,2020,3613000.0
Israel,ISR,2021,3613000.0
Israel,ISR,2022,3613000.0
Israel,ISR,2023,3613000.0
Israel,ISR,2024,3613000.0
Israel,ISR,2025,3613000.0
Israel,ISR,2026,3613000.0
Israel,ISR,2027,3613000.0
Israel,ISR,2028,3613000.0
Italy,ITA,2018,58253000.0
Italy,ITA,2019,58253000.0
Italy,ITA,2020,58253000.0
Italy,ITA,2021,58253000.0
Italy,ITA,2022,58253000.0
Italy,ITA,2023,58253000.0
Italy,ITA,2024,58253000.0
Italy,ITA,2025,58253000.0
Italy,ITA,2026,58253000.0
Italy,ITA,2027,58253000.0
Italy,ITA,2028,58253000.0
Jamaica,JAM,2018,2353000.0
Jamaica,JAM,2019,2353000.0
Jamaica,JAM,2020,2353000.0
Jamaica,JAM,2021,2353000.0
Jamaica,JAM,2022,2353000.0
Jamaica,JAM,2023,2353000.0
Jamaica,JAM,2024,2353000.0
Jamaica,JAM,2025,2353000.0
Jamaica,JAM,2026,2353000.0
Jamaica,JAM,2027,2353000.0
Jamaica,JAM,2028,2353000.0
Japan,JPN,2018,28691000.0
Japan,JPN,2019,28691000.0
Japan,JPN,2020,28691000.0
Japan,JPN,2021,28691000.0
Japan,JPN,2022,28691000.0
Japan,JPN,2023,28691000.0
Japan,JPN,2024,28691000.0
Japan,JPN,2025,28691000.0
Japan,JPN,2026,28691000.0
Japan,JPN,2027,28691000.0
Japan,JPN,2028,28691000.0
Jhonston Island,JTN,2018,0.0
Jhonston Island,JTN,2019,0.0
Jhonston Island,JTN,2020,0.0
Jhonston Island,JTN,2021,0.0
Jhonston Island,JTN,2022,0.0
Jhonston Island,JTN,2023,0.0
Jhonston Island,JTN,2024,0.0
Jhonston Island,JTN,2025,0.0
Jhonston Island,JTN,2026,0.0
Jhonston Island,JTN,2027,0.0
Jhonston Island,JTN,2028,0.0
Jordan,JOR,2018,3843500.0
Jordan,JOR,2019,3843500.0
Jordan,JOR,2020,3843500.0
Jordan,JOR,2021,3843500.0
Jordan,JOR,2022,3843500.0
Jordan,JOR,2023,3843500.0
Jordan,JOR,2024,3843500.0
Jordan,JOR,2025,3843500.0
Jordan,JOR,2026,3843500.0
Jordan,JOR,2027,3843500.0
Jordan,JOR,2028,3843500.0
Kazakhstan,KAZ,2018,7701000.0
Kazakhstan,KAZ,2019,7701000.0
Kazakhstan,KAZ,2020,7701000.0
Kazakhstan,KAZ,2021,7701000.0
Kazakhstan,KAZ,2022,7701000.0
Kazakhstan,KAZ,2023,7701000.0
Kazakhstan,KAZ,2024,7701000.0
Kazakhstan,KAZ,2025,7701000.0
Kazakhstan,KAZ,2026,7701000.0
Kazakhstan,KAZ,2027,7701000.0
Kazakhstan,KAZ,2028,7701000.0
Kenya,KEN,2018,1364000.0
Kenya,KEN,2019,1364000.0
Kenya,KEN,2020,1364000.0
Kenya,KEN,2021,1364000.0
Kenya,KEN,2022,1364000.0
Kenya,KEN,2023,1364000.0
Kenya,KEN,2024,1364000.0
Kenya,KEN,2025,1364000.0
Kenya,KEN,2026,1364000.0
Kenya,KEN,2027,1364000.0
Kenya,KEN,2028,1364000.0
Kiribati,KIR,2018,5800.0
Kiribati,KIR,2019,5800.0
Kiribati,KIR,2020,5800.0
Kiribati,KIR,2021,5800.0
Kiribati,KIR,2022,5800.0
Kiribati,KIR,2023,5800.0
Kiribati,KIR,2024,5800.0
Kiribati,KIR,2025,5800.0
Kiribati,KIR,2026,5800.0
Kiribati,KIR,2027,5800.0
Kiribati,KIR,2028,5800.0
"Korea, Dem. Rep.",PRK,2018,0.0
"Korea, Dem. Rep.",PRK,2019,0.0
"Korea, Dem. Rep.",PRK,2020,0.0
"Korea, Dem. Rep.",PRK,2021,0.0
"Korea, Dem. Rep.",PRK,2022,0.0
"Korea, Dem. Rep.",PRK,2023,0.0
"Korea, Dem. Rep.",PRK,2024,0.0
"Korea, Dem. Rep.",PRK,2025,0.0
"Korea, Dem. Rep.",PRK,2026,0.0
"Korea, Dem. Rep.",PRK,2027,0.0
"Korea, Dem. Rep.",PRK,2028,0.0
"Korea, Rep.",KOR,2018,13336000.0
"Korea, Rep.",KOR,2019,13336000.0
"Korea, Rep.",KOR,2020,13336000.0
"Korea, Rep.",KOR,2021,13336000.0
"Korea, Rep.",KOR,2022,13336000.0
"Korea, Rep.",KOR,2023,13336000.0
"Korea, Rep.",KOR,2024,13336000.0
"Korea, Rep.",KOR,2025,13336000.0
"Korea, Rep.",KOR,2026,13336000.0
"Korea, Rep.",KOR,2027,13336000.0
"Korea, Rep.",KOR,2028,13336000.0
Kuwait,KWT,2018,0.0
Kuwait,KWT,2019,0.0
Kuwait,KWT,2020,0.0
Kuwait,KWT,2021,0.0
Kuwait,KWT,2022,0.0
Kuwait,KWT,2023,0.0
Kuwait,KWT,2024,0.0
Kuwait,KWT,2025,0.0
Kuwait,KWT,2026,0.0
Kuwait,KWT,2027,0.0
Kuwait,KWT,2028,0.0
Kyrgyz Republic,KGZ,2018,4568000.0
Kyrgyz Republic,KGZ,2019,4568000.0
Kyrgyz Republic,KGZ,2020,4568000.0
Kyrgyz Republic,KGZ,2021,4568000.0
Kyrgyz Republic,KGZ,2022,4568000.0
Kyrgyz Republic,KGZ,2023,4568000.0
Kyrgyz Republic,KGZ,2024,4568000.0
Kyrgyz Republic,KGZ,2025,4568000.0
Kyrgyz Republic,KGZ,2026,4568000.0
Kyrgyz Republic,KGZ,2027,4568000.0
Kyrgyz Republic,KGZ,2028,4568000.0
Lao PDR,LAO,2018,3257000.0
Lao PDR,LAO,2019,3257000.0
Lao PDR,LAO,2020,3257000.0
Lao PDR,LAO,2021,3257000.0
Lao PDR,LAO,2022,3257000.0
Lao PDR,LAO,2023,3257000.0
Lao PDR,LAO,2024,3257000.0
Lao PDR,LAO,2025,3257000.0
Lao PDR,LAO,2026,3257000.0
Lao PDR,LAO,2027,3257000.0
Lao PDR,LAO,2028,3257000.0
Latvia,LVA,2018,1949000.0
Latvia,LVA,2019,1949000.0
Latvia,LVA,2020,1949000.0
Latvia,LVA,2021,1949000.0
Latvia,LVA,2022,1949000.0
Latvia,LVA,2023,1949000.0
Latvia,LVA,2024,1949000.0
Latvia,LVA,2025,1949000.0
Latvia,LVA,2026,1949000.0
Latvia,LVA,2027,1949000.0
Latvia,LVA,2028,1949000.0
Lebanon,LBN,2018,1857000.0
Lebanon,LBN,2019,1857000.0
Lebanon,LBN,2020,1857000.0
Lebanon,LBN,2021,1857000.0
Lebanon,LBN,2022,1857000.0
Lebanon,LBN,2023,1857000.0
Lebanon,LBN,2024,1857000.0
Lebanon,LBN,2025,1857000.0
Lebanon,LBN,2026,1857000.0
Lebanon,LBN,2027,1857000.0
Lebanon,LBN,2028,1857000.0
Lesotho,LSO,2018,1137000.0
Lesotho,LSO,2019,1137000.0
Lesotho,LSO,2020,1137000.0
Lesotho,LSO,2021,1137000.0
Lesotho,LSO,2022,1137000.0
Lesotho,LSO,2023,1137000.0
Lesotho,LSO,2024,1137000.0
Lesotho,LSO,2025,1137000.0
Lesotho,LSO,2026,1137000.0
Lesotho,LSO,2027,1137000.0
Lesotho,LSO,2028,1137000.0
Liberia,LBR,2018,0.0
Liberia,LBR,2019,0.0
Liberia,LBR,2020,0.0
Liberia,LBR,2021,0.0
Liberia,LBR,2022,0.0
Liberia,LBR,2023,0.0
Liberia,LBR,2024,0.0
Liberia,LBR,2025,0.0
Liberia,LBR,2026,0.0
Liberia,LBR,2027,0.0
Liberia,LBR,2028,0.0
Libya,LBY,2018,0.0
Libya,LBY,2019,0.0
Libya,LBY,2020,0.0
Libya,LBY,2021,0.0
Libya,LBY,2022,0.0
Libya,LBY,2023,0.0
Libya,LBY,2024,0.0
Libya,LBY,2025,0.0
Libya,LBY,2026,0.0
Libya,LBY,2027,0.0
Libya,LBY,2028,0.0
Liechtenstein,LIE,2018,69000.0
Liechtenstein,LIE,2019,69000.0
Liechtenstein,LIE,2020,69000.0
Liechtenstein,LIE,2021,69000.0
Liechtenstein,LIE,2022,69000.0
Liechtenstein,LIE,2023,69000.0
Liechtenstein,LIE,2024,69000.0
Liechtenstein,LIE,2025,69000.0
Liechtenstein,LIE,2026,69000.0
Liechtenstein,LIE,2027,69000.0
Liechtenstein,LIE,2028,69000.0
Lithuania,LTU,2018,2523000.0
Lithuania,LTU,2019,2523000.0
Lithuania,LTU,2020,2523000.0
Lithuania,LTU,2021,2523000.0
Lithuania,LTU,2022,2523000.0
Lithuania,LTU,2023,2523000.0
Lithuania,LTU,2024,2523000.0
Lithuania,LTU,2025,2523000.0
Lithuania,LTU,2026,2523000.0
Lithuania,LTU,2027,2523000.0
Lithuania,LTU,2028,2523000.0
Luxembourg,LUX,2018,1046000.0
Luxembourg,LUX,2019,1046000.0
Luxembourg,LUX,2020,1046000.0
Luxembourg,LUX,2021,1046000.0
Luxembourg,LUX,2022,1046000.0
Luxembourg,LUX,2023,1046000.0
Luxembourg,LUX,2024,1046000.0
Luxembourg,LUX,2025,1046000.0
Luxembourg,LUX,2026,1046000.0
Luxembourg,LUX,2027,1046000.0
Luxembourg,LUX,2028,1046000.0
"Macao SAR, China",MAC,2018,17255000.0
"Macao SAR, China",MAC,2019,17255000.0
"Macao SAR, China",MAC,2020,17255000.0
"Macao SAR, China",MAC,2021,17255000.0
"Macao SAR, China",MAC,2022,17255000.0
"Macao SAR, China",MAC,2023,17255000.0
"Macao SAR, China",MAC,2024,17255000.0
"Macao SAR, China",MAC,2025,17255000.0
"Macao SAR, China",MAC,2026,17255000.0
"Macao SAR, China",MAC,2027,17255000.0
"Macao SAR, China",MAC,2028,17255000.0
"Macedonia, FYR",MKD,2018,631000.0
"Macedonia, FYR",MKD,2019,631000.0
"Macedonia, FYR",MKD,2020,631000.0
"Macedonia, FYR",MKD,2021,631000.0
"Macedonia, FYR",MKD,2022,631000.0
"Macedonia, FYR",MKD,2023,631000.0
"Macedonia, FYR",MKD,2024,631000.0
"Macedonia, FYR",MKD,2025,631000.0
"Macedonia, FYR",MKD,2026,631000.0
"Macedonia, FYR",MKD,2027,631000.0
"Macedonia, FYR",MKD,2028,631000.0
Madagascar,MDG,2018,255000.0
Madagascar,MDG,2019,255000.0
Madagascar,MDG,2020,255000.0
Madagascar,MDG,2021,255000.0
Madagascar,MDG,2022,255000.0
Madagascar,MDG,2023,255000.0
Madagascar,MDG,2024,255000.0
Madagascar,MDG,2025,255000.0
Madagascar,MDG,2026,255000.0
Madagascar,MDG,2027,255000.0
Madagascar,MDG,2028,255000.0
Malawi,MWI,2018,837000.0
Malawi,MWI,2019,837000.0
Malawi,MWI,2020,837000.0
Malawi,MWI,2021,837000.0
Malawi,MWI,2022,837000.0
Malawi,MWI,2023,837000.0
Malawi,MWI,2024,837000.0
Malawi,MWI,2025,837000.0
Malawi,MWI,2026,837000.0
Malawi,MWI,2027,837000.0
Malawi,MWI,2028,837000.0
Malaysia,MYS,2018,25948000.0
Malaysia,MYS,2019,25948000.0
Malaysia,MYS,2020,25948000.0
Malaysia,MYS,2021,25948000.0
Malaysia,MYS,2022,25948000.0
Malaysia,MYS,2023,25948000.0
Malaysia,MYS,2024,25948000.0
Malaysia,MYS,2025,25948000.0
Malaysia,MYS,2026,25948000.0
Malaysia,MYS,2027,25948000.0
Malaysia,MYS,2028,25948000.0
Maldives,MDV,2018,1390000.0
Maldives,MDV,2019,1390000.0
Maldives,MDV,2020,1390000.0
Maldives,MDV,2021,1390000.0
Maldives,MDV,2022,1390000.0
Maldives,MDV,2023,1390000.0
Maldives,MDV,2024,1390000.0
Maldives,MDV,2025,1390000.0
Maldives,MDV,2026,1390000.0
Maldives,MDV,2027,1390000.0
Maldives,MDV,2028,1390000.0
Mali,MLI,2018,193300.0
Mali,MLI,2019,193300.0
Mali,MLI,2020,193300.0
Mali,MLI,2021,193300.0
Mali,MLI,2022,193300.0
Mali,MLI,2023,193300.0
Mali,MLI,2024,193300.0
Mali,MLI,2025,193300.0
Mali,MLI,2026,193300.0
Mali,MLI,2027,193300.0
Mali,MLI,2028,193300.0
Malta,MLT,2018,2274000.0
Malta,MLT,2019,2274000.0
Malta,MLT,2020,2274000.0
Malta,MLT,2021,2274000.0
Malta,MLT,2022,2274000.0
Malta,MLT,2023,2274000.0
Malta,MLT,2024,2274000.0
Malta,MLT,2025,2274000.0
Malta,MLT,2026,2274000.0
Malta,MLT,2027,2274000.0
Malta,MLT,2028,2274000.0
Marshall Islands,MHL,2018,6000.0
Marshall Islands,MHL,2019,6000.0
Marshall Islands,MHL,2020,6000.0
Marshall Islands,MHL,2021,6000.0
Marshall Islands,MHL,2022,6000.0
Marshall Islands,MHL,2023,6000.0
Marshall Islands,MHL,2024,6000.0
Marshall Islands,MHL,2025,6000.0
Marshall Islands,MHL,2026,6000.0
Marshall Islands,MHL,2027,6000.0
Marshall Islands,MHL,2028,6000.0
Martinique,MTQ,2018,0.0
Martinique,MTQ,2019,0.0
Martinique,MTQ,2020,0.0
Martinique,MTQ,2021,0.0
Martinique,MTQ,2022,0.0
Martinique,MTQ,2023,0.0
Martinique,MTQ,2024,0.0
Martinique,MTQ,2025,0.0
Martinique,MTQ,2026,0.0
Martinique,MTQ,2027,0.0
Martinique,MTQ,2028,0.0
Mauritania,MRT,2018,0.0
Mauritania,MRT,2019,0.0
Mauritania,MRT,2020,0.0
Mauritania,MRT,2021,0.0
Mauritania,MRT,2022,0.0
Mauritania,MRT,2023,0.0
Mauritania,MRT,2024,0.0
Mauritania,MRT,2025,0.0
Mauritania,MRT,2026,0.0
Mauritania,MRT,2027,0.0
Mauritania,MRT,2028,0.0
Mauritius,MUS,2018,1342000.0
Mauritius,MUS,2019,1342000.0
Mauritius,MUS,2020,1342000.0
Mauritius,MUS,2021,1342000.0
Mauritius,MUS,2022,1342000.0
Mauritius,MUS,2023,1342000.0
Mauritius,MUS,2024,1342000.0
Mauritius,MUS,2025,1342000.0
Mauritius,MUS,2026,1342000.0
Mauritius,MUS,2027,1342000.0
Mauritius,MUS,2028,1342000.0
Mexico,MEX,2018,39291000.0
Mexico,MEX,2019,39291000.0
Mexico,MEX,2020,39291000.0
Mexico,MEX,2021,39291000.0
Mexico,MEX,2022,39291000.0
Mexico,MEX,2023,39291000.0
Mexico,MEX,2024,39291000.0
Mexico,MEX,2025,39291000.0
Mexico,MEX,2026,39291000.0
Mexico,MEX,2027,39291000.0
Mexico,MEX,2028,39291000.0
"Micronesia, Fed. Sts.",FSM,2018,0.0
"Micronesia, Fed. Sts.",FSM,2019,0.0
"Micronesia, Fed. Sts.",FSM,2020,0.0
"Micronesia, Fed. Sts.",FSM,2021,0.0
"Micronesia, Fed. Sts.",FSM,2022,0.0
"Micronesia, Fed. Sts.",FSM,2023,0.0
"Micronesia, Fed. Sts.",FSM,2024,0.0
"Micronesia, Fed. Sts.",FSM,2025,0.0
"Micronesia, Fed. Sts.",FSM,2026,0.0
"Micronesia, Fed. Sts.",FSM,2027,0.0
"Micronesia, Fed. Sts.",FSM,2028,0.0
Midway Islands,MID,2018,0.0
Midway Islands,MID,2019,0.0
Midway Islands,MID,2020,0.0
Midway Islands,MID,2021,0.0
Midway Islands,MID,2022,0.0
Midway Islands,MID,2023,0.0
Midway Islands,MID,2024,0.0
Midway Islands,MID,2025,0.0
Midway Islands,MID,2026,0.0
Midway Islands,MID,2027,0.0
Midway Islands,MID,2028,0.0
Moldova,MDA,2018,145000.0
Moldova,MDA,2019,145000.0
Moldova,MDA,2020,145000.0
Moldova,MDA,2021,145000.0
Moldova,MDA,2022,145000.0
Moldova,MDA,2023,145000.0
Moldova,MDA,2024,145000.0
Moldova,MDA,2025,145000.0
Moldova,MDA,2026,145000.0
Moldova,MDA,2027,145000.0
Moldova,MDA,2028,145000.0
Monaco,MCO,2018,355000.0
Monaco,MCO,2019,355000.0
Monaco,MCO,2020,355000.0
Monaco,MCO,2021,355000.0
Monaco,MCO,2022,355000.0
Monaco,MCO,2023,355000.0
Monaco,MCO,2024,355000.0
Monaco,MCO,2025,355000.0
Monaco,MCO,2026,355000.0
Monaco,MCO,2027,355000.0
Monaco,MCO,2028,355000.0
Mongolia,MNG,2018,469000.0
Mongolia,MNG,2019,469000.0
Mongolia,MNG,2020,469000.0
Mongolia,MNG,2021,469000.0
Mongolia,MNG,2022,469000.0
Mongolia,MNG,2023,469000.0
Mongolia,MNG,2024,469000.0
Mongolia,MNG,2025,469000.0
Mongolia,MNG,2026,469000.0
Mongolia,MNG,2027,469000.0
Mongolia,MNG,2028,469000.0
Montserrat,MSR,2018,0.0
Montserrat,MSR,2019,0.0
Montserrat,MSR,2020,0.0
Montserrat,MSR,2021,0.0
Montserrat,MSR,2022,0.0
Montserrat,MSR,2023,0.0
Montserrat,MSR,2024,0.0
Montserrat,MSR,2025,0.0
Montserrat,MSR,2026,0.0
Montserrat,MSR,2027,0.0
Montserrat,MSR,2028,0.0
Morocco,MAR,2018,11349000.0
Morocco,MAR,2019,11349000.0
Morocco,MAR,2020,11349000.0
Morocco,MAR,2021,11349000.0
Morocco,MAR,2022,11349000.0
Morocco,MAR,2023,11349000.0
Morocco,MAR,2024,11349000.0
Morocco,MAR,2025,11349000.0
Morocco,MAR,2026,11349000.0
Morocco,MAR,2027,11349000.0
Morocco,MAR,2028,11349000.0
Mozambique,MOZ,2018,1447000.0
Mozambique,MOZ,2019,1447000.0
Mozambique,MOZ,2020,1447000.0
Mozambique,MOZ,2021,1447000.0
Mozambique,MOZ,2022,1447000.0
Mozambique,MOZ,2023,1447000.0
Mozambique,MOZ,2024,1447000.0
Mozambique,MOZ,2025,1447000.0
Mozambique,MOZ,2026,1447000.0
Mozambique,MOZ,2027,1447000.0
Mozambique,MOZ,2028,1447000.0
Myanmar,MMR,2018,3443000.0
Myanmar,MMR,2019,3443000.0
Myanmar,MMR,2020,3443000.0
Myanmar,MMR,2021,3443000.0
Myanmar,MMR,2022,3443000.0
Myanmar,MMR,2023,3443000.0
Myanmar,MMR,2024,3443000.0
Myanmar,MMR,2025,3443000.0
Myanmar,MMR,2026,3443000.0
Myanmar,MMR,2027,3443000.0
Myanmar,MMR,2028,3443000.0
Namibia,NAM,2018,1499000.0
Namibia,NAM,2019,1499000.0
Namibia,NAM,2020,1499000.0
Namibia,NAM,2021,1499000.0
Namibia,NAM,2022,1499000.0
Namibia,NAM,2023,1499000.0
Namibia,NAM,2024,1499000.0
Namibia,NAM,2025,1499000.0
Namibia,NAM,2026,1499000.0
Namibia,NAM,2027,1499000.0
Namibia,NAM,2028,1499000.0
Nauru,NRU,2018,0.0
Nauru,NRU,2019,0.0
Nauru,NRU,2020,0.0
Nauru,NRU,2021,0.0
Nauru,NRU,2022,0.0
Nauru,NRU,2023,0.0
Nauru,NRU,2024,0.0
Nauru,NRU,2025,0.0
Nauru,NRU,2026,0.0
Nauru,NRU,2027,0.0
Nauru,NRU,2028,0.0
Nepal,NPL,2018,940000.0
Nepal,NPL,2019,940000.0
Nepal,NPL,2020,940000.0
Nepal,NPL,2021,940000.0
Nepal,NPL,2022,940000.0
Nepal,NPL,2023,940000.0
Nepal,NPL,2024,940000.0
Nepal,NPL,2025,940000.0
Nepal,NPL,2026,940000.0
Nepal,NPL,2027,940000.0
Nepal,NPL,2028,940000.0
Netherlands,NLD,2018,17924000.0
Netherlands,NLD,2019,17924000.0
Netherlands,NLD,2020,17924000.0
Netherlands,NLD,2021,17924000.0
Netherlands,NLD,2022,17924000.0
Netherlands,NLD,2023,17924000.0
Netherlands,NLD,2024,17924000.0
Netherlands,NLD,2025,17924000.0
Netherlands,NLD,2026,17924000.0
Netherlands,NLD,2027,17924000.0
Netherlands,NLD,2028,17924000.0
Netherlands Antilles,ANT,2018,0.0
Netherlands Antilles,ANT,2019,0.0
Netherlands Antilles,ANT,2020,0.0
Netherlands Antilles,ANT,2021,0.0
Netherlands Antilles,ANT,2022,0.0
Netherlands Antilles,ANT,2023,0.0
Netherlands Antilles,ANT,2024,0.0
Netherlands Antilles,ANT,2025,0.0
Netherlands Antilles,ANT,2026,0.0
Netherlands Antilles,ANT,2027,0.0
Netherlands Antilles,ANT,2028,0.0
Neutral Zone,NZE,2018,0.0
Neutral Zone,NZE,2019,0.0
Neutral Zone,NZE,2020,0.0
Neutral Zone,NZE,2021,0.0
Neutral Zone,NZE,2022,0.0
Neutral Zone,NZE,2023,0.0
Neutral Zone,NZE,2024,0.0
Neutral Zone,NZE,2025,0.0
Neutral Zone,NZE,2026,0.0
Neutral Zone,NZE,2027,0.0
Neutral Zone,NZE,2028,0.0
New Caledonia,NCL,2018,121000.0
New Caledonia,NCL,2019,121000.0
New Caledonia,NCL,2020,121000.0
New Caledonia,NCL,2021,121000.0
New Caledonia,NCL,2022,121000.0
New Caledonia,NCL,2023,121000.0
New Caledonia,NCL,2024,121000.0
New Caledonia,NCL,2025,121000.0
New Caledonia,NCL,2026,121000.0
New Caledonia,NCL,2027,121000.0
New Caledonia,NCL,2028,121000.0
New Zealand,NZL,2018,3555000.0
New Zealand,NZL,2019,3555000.0
New Zealand,NZL,2020,3555000.0
New Zealand,NZL,2021,3555000.0
New Zealand,NZL,2022,3555000.0
New Zealand,NZL,2023,3555000.0
New Zealand,NZL,2024,3555000.0
New Zealand,NZL,2025,3555000.0
New Zealand,NZL,2026,3555000.0
New Zealand,NZL,2027,3555000.0
New Zealand,NZL,2028,3555000.0
Nicaragua,NIC,2018,1787000.0
Nicaragua,NIC,2019,1787000.0
Nicaragua,NIC,2020,1787000.0
Nicaragua,NIC,2021,1787000.0
Nicaragua,NIC,2022,1787000.0
Nicaragua,NIC,2023,1787000.0
Nicaragua,NIC,2024,1787000.0
Nicaragua,NIC,2025,1787000.0
Nicaragua,NIC,2026,1787000.0
Nicaragua,NIC,2027,1787000.0
Nicaragua,NIC,2028,1787000.0
Niger,NER,2018,164000.0
Niger,NER,2019,164000.0
Niger,NER,2020,164000.0
Niger,NER,2021,164000.0
Niger,NER,2022,164000.0
Niger,NER,2023,164000.0
Niger,NER,2024,164000.0
Niger,NER,2025,164000.0
Niger,NER,2026,164000.0
Niger,NER,2027,164000.0
Niger,NER,2028,164000.0
Nigeria,NGA,2018,0.0
Nigeria,NGA,2019,0.0
Nigeria,NGA,2020,0.0
Nigeria,NGA,2021,0.0
Nigeria,NGA,2022,0.0
Nigeria,NGA,2023,0.0
Nigeria,NGA,2024,0.0
Nigeria,NGA,2025,0.0
Nigeria,NGA,2026,0.0
Nigeria,NGA,2027,0.0
Nigeria,NGA,2028,0.0
Niue,NIU,2018,0.0
Niue,NIU,2019,0.0
Niue,NIU,2020,0.0
Niue,NIU,2021,0.0
Niue,NIU,2022,0.0
Niue,NIU,2023,0.0
Niue,NIU,2024,0.0
Niue,NIU,2025,0.0
Niue,NIU,2026,0.0
Niue,NIU,2027,0.0
Niue,NIU,2028,0.0
Norfolk Island,NFK,2018,0.0
Norfolk Island,NFK,2019,0.0
Norfolk Island,NFK,2020,0.0
Norfolk Island,NFK,2021,0.0
Norfolk Island,NFK,2022,0.0
Norfolk Island,NFK,2023,0.0
Norfolk Island,NFK,2024,0.0
Norfolk Island,NFK,2025,0.0
Norfolk Island,NFK,2026,0.0
Norfolk Island,NFK,2027,0.0
Norfolk Island,NFK,2028,0.0
Northern Mariana Islands,MNP,2018,656000.0
Northern Mariana Islands,MNP,2019,656000.0
Northern Mariana Islands,MNP,2020,656000.0
Northern Mariana Islands,MNP,2021,656000.0
Northern Mariana Islands,MNP,2022,656000.0
Northern Mariana Islands,MNP,2023,656000.0
Northern Mariana Islands,MNP,2024,656000.0
Northern Mariana Islands,MNP,2025,656000.0
Northern Mariana Islands,MNP,2026,656000.0
Northern Mariana Islands,MNP,2027,656000.0
Northern Mariana Islands,MNP,2028,656000.0
Norway,NOR,2018,6252000.0
Norway,NOR,2019,6252000.0
Norway,NOR,2020,6252000.0
Norway,NOR,2021,6252000.0
Norway,NOR,2022,6252000.0
Norway,NOR,2023,6252000.0
Norway,NOR,2024,6252000.0
Norway,NOR,2025,6252000.0
Norway,NOR,2026,6252000.0
Norway,NOR,2027,6252000.0
Norway,NOR,2028,6252000.0
Oman,OMN,2018,2372000.0
Oman,OMN,2019,2372000.0
Oman,OMN,2020,2372000.0
Oman,OMN,2021,2372000.0
Oman,OMN,2022,2372000.0
Oman,OMN,2023,2372000.0
Oman,OMN,2024,2372000.0
Oman,OMN,2025,2372000.0
Oman,OMN,2026,2372000.0
Oman,OMN,2027,2372000.0
Oman,OMN,2028,2372000.0
Pacific Islands,PCE,2018,0.0
Pacific Islands,PCE,2019,0.0
Pacific Islands,PCE,2020,0.0
Pacific Islands,PCE,2021,0.0
Pacific Islands,PCE,2022,0.0
Pacific Islands,PCE,2023,0.0
Pacific Islands,PCE,2024,0.0
Pacific Islands,PCE,2025,0.0
Pacific Islands,PCE,2026,0.0
Pacific Islands,PCE,2027,0.0
Pacific Islands,PCE,2028,0.0
Pakistan,PAK,2018,0.0
Pakistan,PAK,2019,0.0
Pakistan,PAK,2020,0.0
Pakistan,PAK,2021,0.0
Pakistan,PAK,2022,0.0
Pakistan,PAK,2023,0.0
Pakistan,PAK,2024,0.0
Pakistan,PAK,2025,0.0
Pakistan,PAK,2026,0.0
Pakistan,PAK,2027,0.0
Pakistan,PAK,2028,0.0
Palau,PLW,2018,123000.0
Palau,PLW,2019,123000.0
Palau,PLW,2020,123000.0
Palau,PLW,2021,123000.0
Palau,PLW,2022,123000.0
Palau,PLW,2023,123000.0
Palau,PLW,2024,123000.0
Palau,PLW,2025,123000.0
Palau,PLW,2026,123000.0
Palau,PLW,2027,123000.0
Palau,PLW,2028,123000.0
Panama,PAN,2018,1843000.0
Panama,PAN,2019,1843000.0
Panama,PAN,2020,1843000.0
Panama,PAN,2021,1843000.0
Panama,PAN,2022,1843000.0
Panama,PAN,2023,1843000.0
Panama,PAN,2024,1843000.0
Panama,PAN,2025,1843000.0
Panama,PAN,2026,1843000.0
Panama,PAN,2027,1843000.0
Panama,PAN,2028,1843000.0
Papua New Guinea,PNG,2018,0.0
Papua New Guinea,PNG,2019,0.0
Papua New Guinea,PNG,2020,0.0
Papua New Guinea,PNG,2021,0.0
Papua New Guinea,PNG,2022,0.0
Papua New Guinea,PNG,2023,0.0
Papua New Guinea,PNG,2024,0.0
Papua New Guinea,PNG,2025,0.0
Papua New Guinea,PNG,2026,0.0
Papua New Guinea,PNG,2027,0.0
Papua New Guinea,PNG,2028,0.0
Paraguay,PRY,2018,1584000.0
Paraguay,PRY,2019,1584000.0
Paraguay,PRY,2020,1584000.0
Paraguay,PRY,2021,1584000.0
Paraguay,PRY,2022,1584000.0
Paraguay,PRY,2023,1584000.0
Paraguay,PRY,2024,1584000.0
Paraguay,PRY,2025,1584000.0
Paraguay,PRY,2026,1584000.0
Paraguay,PRY,2027,1584000.0
Paraguay,PRY,2028,1584000.0
Pen Malaysia,PMY,2018,0.0
Pen Malaysia,PMY,2019,0.0
Pen Malaysia,PMY,2020,0.0
Pen Malaysia,PMY,2021,0.0
Pen Malaysia,PMY,2022,0.0
Pen Malaysia,PMY,2023,0.0
Pen Malaysia,PMY,2024,0.0
Pen Malaysia,PMY,2025,0.0
Pen Malaysia,PMY,2026,0.0
Pen Malaysia,PMY,2027,0.0
Pen Malaysia,PMY,2028,0.0
Peru,PER,2018,4032000.0
Peru,PER,2019,4032000.0
Peru,PER,2020,4032000.0
Peru,PER,2021,4032000.0
Peru,PER,2022,4032000.0
Peru,PER,2023,4032000.0
Peru,PER,2024,4032000.0
Peru,PER,2025,4032000.0
Peru,PER,2026,4032000.0
Peru,PER,2027,4032000.0
Peru,PER,2028,4032000.0
Philippines,PHL,2018,6621000.0
Philippines,PHL,2019,6621000.0
Philippines,PHL,2020,6621000.0
Philippines,PHL,2021,6621000.0
Philippines,PHL,2022,6621000.0
Philippines,PHL,2023,6621000.0
Philippines,PHL,2024,6621000.0
Philippines,PHL,2025,6621000.0
Philippines,PHL,2026,6621000.0
Philippines,PHL,2027,6621000.0
Philippines,PHL,2028,6621000.0
Pitcairn,PCN,2018,0.0
Pitcairn,PCN,2019,0.0
Pitcairn,PCN,2020,0.0
Pitcairn,PCN,2021,0.0
Pitcairn,PCN,2022,0.0
Pitcairn,PCN,2023,0.0
Pitcairn,PCN,2024,0.0
Pitcairn,PCN,2025,0.0
Pitcairn,PCN,2026,0.0
Pitcairn,PCN,2027,0.0
Pitcairn,PCN,2028,0.0
Poland,POL,2018,18258000.0
Poland,POL,2019,18258000.0
Poland,POL,2020,18258000.0
Poland,POL,2021,18258000.0
Poland,POL,2022,18258000.0
Poland,POL,2023,18258000.0
Poland,POL,2024,18258000.0
Poland,POL,2025,18258000.0
Poland,POL,2026,18258000.0
Poland,POL,2027,18258000.0
Poland,POL,2028,18258000.0
Portugal,PRT,2018,15432000.0
Portugal,PRT,2019,15432000.0
Portugal,PRT,2020,15432000.0
Portugal,PRT,2021,15432000.0
Portugal,PRT,2022,15432000.0
Portugal,PRT,2023,15432000.0
Portugal,PRT,2024,15432000.0
Portugal,PRT,2025,15432000.0
Portugal,PRT,2026,15432000.0
Portugal,PRT,2027,15432000.0
Portugal,PRT,2028,15432000.0
Puerto Rico,PRI,2018,3797000.0
Puerto Rico,PRI,2019,3797000.0
Puerto Rico,PRI,2020,3797000.0
Puerto Rico,PRI,2021,3797000.0
Puerto Rico,PRI,2022,3797000.0
Puerto Rico,PRI,2023,3797000.0
Puerto Rico,PRI,2024,3797000.0
Puerto Rico,PRI,2025,3797000.0
Puerto Rico,PRI,2026,3797000.0
Puerto Rico,PRI,2027,3797000.0
Puerto Rico,PRI,2028,3797000.0
Qatar,QAT,2018,2256500.0
Qatar,QAT,2019,2256500.0
Qatar,QAT,2020,2256500.0
Qatar,QAT,2021,2256500.0
Qatar,QAT,2022,2256500.0
Qatar,QAT,2023,2256500.0
Qatar,QAT,2024,2256500.0
Qatar,QAT,2025,2256500.0
Qatar,QAT,2026,2256500.0
Qatar,QAT,2027,2256500.0
Qatar,QAT,2028,2256500.0
Reunion,REU,2018,0.0
Reunion,REU,2019,0.0
Reunion,REU,2020,0.0
Reunion,REU,2021,0.0
Reunion,REU,2022,0.0
Reunion,REU,2023,0.0
Reunion,REU,2024,0.0
Reunion,REU,2025,0.0
Reunion,REU,2026,0.0
Reunion,REU,2027,0.0
Reunion,REU,2028,0.0
Romania,ROM,2018,0.0
Romania,ROM,2019,0.0
Romania,ROM,2020,0.0
Romania,ROM,2021,0.0
Romania,ROM,2022,0.0
Romania,ROM,2023,0.0
Romania,ROM,2024,0.0
Romania,ROM,2025,0.0
Romania,ROM,2026,0.0
Romania,ROM,2027,0.0
Romania,ROM,2028,0.0
Russian Federation,RUS,2018,24390000.0
Russian Federation,RUS,2019,24390000.0
Russian Federation,RUS,2020,24390000.0
Russian Federation,RUS,2021,24390000.0
Russian Federation,RUS,2022,24390000.0
Russian Federation,RUS,2023,24390000.0
Russian Federation,RUS,2024,24390000.0
Russian Federation,RUS,2025,24390000.0
Russian Federation,RUS,2026,24390000.0
Russian Federation,RUS,2027,24390000.0
Russian Federation,RUS,2028,24390000.0
Rwanda,RWA,2018,0.0
Rwanda,RWA,2019,0.0
Rwanda,RWA,2020,0.0
Rwanda,RWA,2021,0.0
Rwanda,RWA,2022,0.0
Rwanda,RWA,2023,0.0
Rwanda,RWA,2024,0.0
Rwanda,RWA,2025,0.0
Rwanda,RWA,2026,0.0
Rwanda,RWA,2027,0.0
Rwanda,RWA,2028,0.0
Ryukyu Is,RYU,2018,0.0
Ryukyu Is,RYU,2019,0.0
Ryukyu Is,RYU,2020,0.0
Ryukyu Is,RYU,2021,0.0
Ryukyu Is,RYU,2022,0.0
Ryukyu Is,RYU,2023,0.0
Ryukyu Is,RYU,2024,0.0
Ryukyu Is,RYU,2025,0.0
Ryukyu Is,RYU,2026,0.0
Ryukyu Is,RYU,2027,0.0
Ryukyu Is,RYU,2028,0.0
SIKKIM,SIK,2018,0.0
SIKKIM,SIK,2019,0.0
SIKKIM,SIK,2020,0.0
SIKKIM,SIK,2021,0.0
SIKKIM,SIK,2022,0.0
SIKKIM,SIK,2023,0.0
SIKKIM,SIK,2024,0.0
SIKKIM,SIK,2025,0.0
SIKKIM,SIK,2026,0.0
SIKKIM,SIK,2027,0.0
SIKKIM,SIK,2028,0.0
Sabah,SBH,2018,0.0
Sabah,SBH,2019,0.0
Sabah,SBH,2020,0.0
Sabah,SBH,2021,0.0
Sabah,SBH,2022,0.0
Sabah,SBH,2023,0.0
Sabah,SBH,2024,0.0
Sabah,SBH,2025,0.0
Sabah,SBH,2026,0.0
Sabah,SBH,2027,0.0
Sabah,SBH,2028,0.0
Saint Helena,SHN,2018,0.0
Saint Helena,SHN,2019,0.0
Saint Helena,SHN,2020,0.0
Saint Helena,SHN,2021,0.0
Saint Helena,SHN,2022,0.0
Saint Helena,SHN,2023,0.0
Saint Helena,SHN,2024,0.0
Saint Helena,SHN,2025,0.0
Saint Helena,SHN,2026,0.0
Saint Helena,SHN,2027,0.0
Saint Helena,SHN,2028,0.0
Saint Kitts-Nevis-Anguilla-Aru,KN1,2018,0.0
Saint Kitts-Nevis-Anguilla-Aru,KN1,2019,0.0
Saint Kitts-Nevis-Anguilla-Aru,KN1,2020,0.0
Saint Kitts-Nevis-Anguilla-Aru,KN1,2021,0.0
Saint Kitts-Nevis-Anguilla-Aru,KN1,2022,0.0
Saint Kitts-Nevis-Anguilla-Aru,KN1,2023,0.0
Saint Kitts-Nevis-Anguilla-Aru,KN1,2024,0.0
Saint Kitts-Nevis-Anguilla-Aru,KN1,2025,0.0
Saint Kitts-Nevis-Anguilla-Aru,KN1,2026,0.0
Saint Kitts-Nevis-Anguilla-Aru,KN1,2027,0.0
Saint Kitts-Nevis-Anguilla-Aru,KN1,2028,0.0
Saint Pierre and Miquelon,SPM,2018,0.0
Saint Pierre and Miquelon,SPM,2019,0.0
Saint Pierre and Miquelon,SPM,2020,0.0
Saint Pierre and Miquelon,SPM,2021,0.0
Saint Pierre and Miquelon,SPM,2022,0.0
Saint Pierre and Miquelon,SPM,2023,0.0
Saint Pierre and Miquelon,SPM,2024,0.0
Saint Pierre and Miquelon,SPM,2025,0.0
Saint Pierre and Miquelon,SPM,2026,0.0
Saint Pierre and Miquelon,SPM,2027,0.0
Saint Pierre and Miquelon,SPM,2028,0.0
Samoa,WSM,2018,146000.0
Samoa,WSM,2019,146000.0
Samoa,WSM,2020,146000.0
Samoa,WSM,2021,146000.0
Samoa,WSM,2022,146000.0
Samoa,WSM,2023,146000.0
Samoa,WSM,2024,146000.0
Samoa,WSM,2025,146000.0
Samoa,WSM,2026,146000.0
Samoa,WSM,2027,146000.0
Samoa,WSM,2028,146000.0
San Marino,SMR,2018,78000.0
San Marino,SMR,2019,78000.0
San Marino,SMR,2020,78000.0
San Marino,SMR,2021,78000.0
San Marino,SMR,2022,78000.0
San Marino,SMR,2023,78000.0
San Marino,SMR,2024,78000.0
San Marino,SMR,2025,78000.0
San Marino,SMR,2026,78000.0
San Marino,SMR,2027,78000.0
San Marino,SMR,2028,78000.0
Sao Tome and Principe,STP,2018,0.0
Sao Tome and Principe,STP,2019,0.0
Sao Tome and Principe,STP,2020,0.0
Sao Tome and Principe,STP,2021,0.0
Sao Tome and Principe,STP,2022,0.0
Sao Tome and Principe,STP,2023,0.0
Sao Tome and Principe,STP,2024,0.0
Sao Tome and Principe,STP,2025,0.0
Sao Tome and Principe,STP,2026,0.0
Sao Tome and Principe,STP,2027,0.0
Sao Tome and Principe,STP,2028,0.0
Sarawak,SWK,2018,0.0
Sarawak,SWK,2019,0.0
Sarawak,SWK,2020,0.0
Sarawak,SWK,2021,0.0
Sarawak,SWK,2022,0.0
Sarawak,SWK,2023,0.0
Sarawak,SWK,2024,0.0
Sarawak,SWK,2025,0.0
Sarawak,SWK,2026,0.0
Sarawak,SWK,2027,0.0
Sarawak,SWK,2028,0.0
Saudi Arabia,SAU,2018,16109000.0
Saudi Arabia,SAU,2019,16109000.0
Saudi Arabia,SAU,2020,16109000.0
Saudi Arabia,SAU,2021,16109000.0
Saudi Arabia,SAU,2022,16109000.0
Saudi Arabia,SAU,2023,16109000.0
Saudi Arabia,SAU,2024,16109000.0
Saudi Arabia,SAU,2025,16109000.0
Saudi Arabia,SAU,2026,16109000.0
Saudi Arabia,SAU,2027,16109000.0
Saudi Arabia,SAU,2028,16109000.0
Senegal,SEN,2018,1365000.0
Senegal,SEN,2019,1365000.0
Senegal,SEN,2020,1365000.0
Senegal,SEN,2021,1365000.0
Senegal,SEN,2022,1365000.0
Senegal,SEN,2023,1365000.0
Senegal,SEN,2024,1365000.0
Senegal,SEN,2025,1365000.0
Senegal,SEN,2026,1365000.0
Senegal,SEN,2027,1365000.0
Senegal,SEN,2028,1365000.0
Seychelles,SYC,2018,350000.0
Seychelles,SYC,2019,350000.0
Seychelles,SYC,2020,350000.0
Seychelles,SYC,2021,350000.0
Seychelles,SYC,2022,350000.0
Seychelles,SYC,2023,350000.0
Seychelles,SYC,2024,350000.0
Seychelles,SYC,2025,350000.0
Seychelles,SYC,2026,350000.0
Seychelles,SYC,2027,350000.0
Seychelles,SYC,2028,350000.0
Sierra Leone,SLE,2018,0.0
Sierra Leone,SLE,2019,0.0
Sierra Leone,SLE,2020,0.0
Sierra Leone,SLE,2021,0.0
Sierra Leone,SLE,2022,0.0
Sierra Leone,SLE,2023,0.0
Sierra Leone,SLE,2024,0.0
Sierra Leone,SLE,2025,0.0
Sierra Leone,SLE,2026,0.0
Sierra Leone,SLE,2027,0.0
Sierra Leone,SLE,2028,0.0
Singapore,SGP,2018,13903000.0
Singapore,SGP,2019,13903000.0
Singapore,SGP,2020,13903000.0
Singapore,SGP,2021,13903000.0
Singapore,SGP,2022,13903000.0
Singapore,SGP,2023,13903000.0
Singapore,SGP,2024,13903000.0
Singapore,SGP,2025,13903000.0
Singapore,SGP,2026,13903000.0
Singapore,SGP,2027,13903000.0
Singapore,SGP,2028,13903000.0
Slovak Republic,SVK,2018,2162000.0
Slovak Republic,SVK,2019,2162000.0
Slovak Republic,SVK,2020,2162000.0
Slovak Republic,SVK,2021,2162000.0
Slovak Republic,SVK,2022,2162000.0
Slovak Republic,SVK,2023,2162000.0
Slovak Republic,SVK,2024,2162000.0
Slovak Republic,SVK,2025,2162000.0
Slovak Republic,SVK,2026,2162000.0
Slovak Republic,SVK,2027,2162000.0
Slovak Republic,SVK,2028,2162000.0
Slovenia,SVN,2018,3586000.0
Slovenia,SVN,2019,3586000.0
Slovenia,SVN,2020,3586000.0
Slovenia,SVN,2021,3586000.0
Slovenia,SVN,2022,3586000.0
Slovenia,SVN,2023,3586000.0
Slovenia,SVN,2024,3586000.0
Slovenia,SVN,2025,3586000.0
Slovenia,SVN,2026,3586000.0
Slovenia,SVN,2027,3586000.0
Slovenia,SVN,2028,3586000.0
Solomon Islands,SLB,2018,25700.0
Solomon Islands,SLB,2019,25700.0
Solomon Islands,SLB,2020,25700.0
Solomon Islands,SLB,2021,25700.0
Solomon Islands,SLB,2022,25700.0
Solomon Islands,SLB,2023,25700.0
Solomon Islands,SLB,2024,25700.0
Solomon Islands,SLB,2025,25700.0
Solomon Islands,SLB,2026,25700.0
Solomon Islands,SLB,2027,25700.0
Solomon Islands,SLB,2028,25700.0
Somalia,SOM,2018,0.0
Somalia,SOM,2019,0.0
Somalia,SOM,2020,0.0
Somalia,SOM,2021,0.0
Somalia,SOM,2022,0.0
Somalia,SOM,2023,0.0
Somalia,SOM,2024,0.0
Somalia,SOM,2025,0.0
Somalia,SOM,2026,0.0
Somalia,SOM,2027,0.0
Somalia,SOM,2028,0.0
South Africa,ZAF,2018,10285000.0
South Africa,ZAF,2019,10285000.0
South Africa,ZAF,2020,10285000.0
South Africa,ZAF,2021,10285000.0
South Africa,ZAF,2022,10285000.0
South Africa,ZAF,2023,10285000.0
South Africa,ZAF,2024,10285000.0
South Africa,ZAF,2025,10285000.0
South Africa,ZAF,2026,10285000.0
South Africa,ZAF,2027,10285000.0
South Africa,ZAF,2028,10285000.0
Soviet Union,SVU,2018,0.0
Soviet Union,SVU,2019,0.0
Soviet Union,SVU,2020,0.0
Soviet Union,SVU,2021,0.0
Soviet Union,SVU,2022,0.0
Soviet Union,SVU,2023,0.0
Soviet Union,SVU,2024,0.0
Soviet Union,SVU,2025,0.0
Soviet Union,SVU,2026,0.0
Soviet Union,SVU,2027,0.0
Soviet Union,SVU,2028,0.0
Spain,ESP,2018,81786000.0
Spain,ESP,2019,81786000.0
Spain,ESP,2020,81786000.0
Spain,ESP,2021,81786000.0
Spain,ESP,2022,81786000.0
Spain,ESP,2023,81786000.0
Spain,ESP,2024,81786000.0
Spain,ESP,2025,81786000.0
Spain,ESP,2026,81786000.0
Spain,ESP,2027,81786000.0
Spain,ESP,2028,81786000.0
Special Categories,SPE,2018,0.0
Special Categories,SPE,2019,0.0
Special Categories,SPE,2020,0.0
Special Categories,SPE,2021,0.0
Special Categories,SPE,2022,0.0
Special Categories,SPE,2023,0.0
Special Categories,SPE,2024,0.0
Special Categories,SPE,2025,0.0
Special Categories,SPE,2026,0.0
Special Categories,SPE,2027,0.0
Special Categories,SPE,2028,0.0
Sri Lanka,LKA,2018,2116400.0
Sri Lanka,LKA,2019,2116400.0
Sri Lanka,LKA,2020,2116400.0
Sri Lanka,LKA,2021,2116400.0
Sri Lanka,LKA,2022,2116400.0
Sri Lanka,LKA,2023,2116400.0
Sri Lanka,LKA,2024,2116400.0
Sri Lanka,LKA,2025,2116400.0
Sri Lanka,LKA,2026,2116400.0
Sri Lanka,LKA,2027,2116400.0
Sri Lanka,LKA,2028,2116400.0
St. Kitts and Nevis,KNA,2018,0.0
St. Kitts and Nevis,KNA,2019,0.0
St. Kitts and Nevis,KNA,2020,0.0
St. Kitts and Nevis,KNA,2021,0.0
St. Kitts and Nevis,KNA,2022,0.0
St. Kitts and Nevis,KNA,2023,0.0
St. Kitts and Nevis,KNA,2024,0.0
St. Kitts and Nevis,KNA,2025,0.0
St. Kitts and Nevis,KNA,2026,0.0
St. Kitts and Nevis,KNA,2027,0.0
St. Kitts and Nevis,KNA,2028,0.0
St. Lucia,LCA,2018,386000.0
St. Lucia,LCA,2019,386000.0
St. Lucia,LCA,2020,386000.0
St. Lucia,LCA,2021,386000.0
St. Lucia,LCA,2022,386000.0
St. Lucia,LCA,2023,386000.0
St. Lucia,LCA,2024,386000.0
St. Lucia,LCA,2025,386000.0
St. Lucia,LCA,2026,386000.0
St. Lucia,LCA,2027,386000.0
St. Lucia,LCA,2028,386000.0
St. Vincent and the Grenadines,VCT,2018,76000.0
St. Vincent and the Grenadines,VCT,2019,76000.0
St. Vincent and the Grenadines,VCT,2020,76000.0
St. Vincent and the Grenadines,VCT,2021,76000.0
St. Vincent and the Grenadines,VCT,2022,76000.0
St. Vincent and the Grenadines,VCT,2023,76000.0
St. Vincent and the Grenadines,VCT,2024,76000.0
St. Vincent and the Grenadines,VCT,2025,76000.0
St. Vincent and the Grenadines,VCT,2026,76000.0
St. Vincent and the Grenadines,VCT,2027,76000.0
St. Vincent and the Grenadines,VCT,2028,76000.0
Sudan,SDN,2018,813000.0
Sudan,SDN,2019,813000.0
Sudan,SDN,2020,813000.0
Sudan,SDN,2021,813000.0
Sudan,SDN,2022,813000.0
Sudan,SDN,2023,813000.0
Sudan,SDN,2024,813000.0
Sudan,SDN,2025,813000.0
Sudan,SDN,2026,813000.0
Sudan,SDN,2027,813000.0
Sudan,SDN,2028,813000.0
Suriname,SUR,2018,278000.0
Suriname,SUR,2019,278000.0
Suriname,SUR,2020,278000.0
Suriname,SUR,2021,278000.0
Suriname,SUR,2022,278000.0
Suriname,SUR,2023,278000.0
Suriname,SUR,2024,278000.0
Suriname,SUR,2025,278000.0
Suriname,SUR,2026,278000.0
Suriname,SUR,2027,278000.0
Suriname,SUR,2028,278000.0
Svalbard and Jan Mayen Is,SJM,2018,0.0
Svalbard and Jan Mayen Is,SJM,2019,0.0
Svalbard and Jan Mayen Is,SJM,2020,0.0
Svalbard and Jan Mayen Is,SJM,2021,0.0
Svalbard and Jan Mayen Is,SJM,2022,0.0
Svalbard and Jan Mayen Is,SJM,2023,0.0
Svalbard and Jan Mayen Is,SJM,2024,0.0
Svalbard and Jan Mayen Is,SJM,2025,0.0
Svalbard and Jan Mayen Is,SJM,2026,0.0
Svalbard and Jan Mayen Is,SJM,2027,0.0
Svalbard and Jan Mayen Is,SJM,2028,0.0
Swaziland,SWZ,2018,921000.0
Swaziland,SWZ,2019,921000.0
Swaziland,SWZ,2020,921000.0
Swaziland,SWZ,2021,921000.0
Swaziland,SWZ,2022,921000.0
Swaziland,SWZ,2023,921000.0
Swaziland,SWZ,2024,921000.0
Swaziland,SWZ,2025,921000.0
Swaziland,SWZ,2026,921000.0
Swaziland,SWZ,2027,921000.0
Swaziland,SWZ,2028,921000.0
Sweden,SWE,2018,7054000.0
Sweden,SWE,2019,7054000.0
Sweden,SWE,2020,7054000.0
Sweden,SWE,2021,7054000.0
Sweden,SWE,2022,7054000.0
Sweden,SWE,2023,7054000.0
Sweden,SWE,2024,7054000.0
Sweden,SWE,2025,7054000.0
Sweden,SWE,2026,7054000.0
Sweden,SWE,2027,7054000.0
Sweden,SWE,2028,7054000.0
Switzerland,CHE,2018,9889000.0
Switzerland,CHE,2019,9889000.0
Switzerland,CHE,2020,9889000.0
Switzerland,CHE,2021,9889000.0
Switzerland,CHE,2022,9889000.0
Switzerland,CHE,2023,9889000.0
Switzerland,CHE,2024,9889000.0
Switzerland,CHE,2025,9889000.0
Switzerland,CHE,2026,9889000.0
Switzerland,CHE,2027,9889000.0
Switzerland,CHE,2028,9889000.0
Syrian Arab Republic,SYR,2018,0.0
Syrian Arab Republic,SYR,2019,0.0
Syrian Arab Republic,SYR,2020,0.0
Syrian Arab Republic,SYR,2021,0.0
Syrian Arab Republic,SYR,2022,0.0
Syrian Arab Republic,SYR,2023,0.0
Syrian Arab Republic,SYR,2024,0.0
Syrian Arab Republic,SYR,2025,0.0
Syrian Arab Republic,SYR,2026,0.0
Syrian Arab Republic,SYR,2027,0.0
Syrian Arab Republic,SYR,2028,0.0
Taiwan,TWN,2018,0.0
Taiwan,TWN,2019,0.0
Taiwan,TWN,2020,0.0
Taiwan,TWN,2021,0.0
Taiwan,TWN,2022,0.0
Taiwan,TWN,2023,0.0
Taiwan,TWN,2024,0.0
Taiwan,TWN,2025,0.0
Taiwan,TWN,2026,0.0
Taiwan,TWN,2027,0.0
Taiwan,TWN,2028,0.0
Tajikistan,TJK,2018,431000.0
Tajikistan,TJK,2019,431000.0
Tajikistan,TJK,2020,431000.0
Tajikistan,TJK,2021,431000.0
Tajikistan,TJK,2022,431000.0
Tajikistan,TJK,2023,431000.0
Tajikistan,TJK,2024,431000.0
Tajikistan,TJK,2025,431000.0
Tajikistan,TJK,2026,431000.0
Tajikistan,TJK,2027,431000.0
Tajikistan,TJK,2028,431000.0
Tanzania,TZA,2018,1275000.0
Tanzania,TZA,2019,1275000.0
Tanzania,TZA,2020,1275000.0
Tanzania,TZA,2021,1275000.0
Tanzania,TZA,2022,1275000.0
Tanzania,TZA,2023,1275000.0
Tanzania,TZA,2024,1275000.0
Tanzania,TZA,2025,1275000.0
Tanzania,TZA,2026,1275000.0
Tanzania,TZA,2027,1275000.0
Tanzania,TZA,2028,1275000.0
Thailand,THA,2018,35592000.0
Thailand,THA,2019,35592000.0
Thailand,THA,2020,35592000.0
Thailand,THA,2021,35592000.0
Thailand,THA,2022,35592000.0
Thailand,THA,2023,35592000.0
Thailand,THA,2024,35592000.0
Thailand,THA,2025,35592000.0
Thailand,THA,2026,35592000.0
Thailand,THA,2027,35592000.0
Thailand,THA,2028,35592000.0
Togo,TGO,2018,496000.0
Togo,TGO,2019,496000.0
Togo,TGO,2020,496000.0
Togo,TGO,2021,496000.0
Togo,TGO,2022,496000.0
Togo,TGO,2023,496000.0
Togo,TGO,2024,496000.0
Togo,TGO,2025,496000.0
Togo,TGO,2026,496000.0
Togo,TGO,2027,496000.0
Togo,TGO,2028,496000.0
Tokelau,TKL,2018,0.0
Tokelau,TKL,2019,0.0
Tokelau,TKL,2020,0.0
Tokelau,TKL,2021,0.0
Tokelau,TKL,2022,0.0
Tokelau,TKL,2023,0.0
Tokelau,TKL,2024,0.0
Tokelau,TKL,2025,0.0
Tokelau,TKL,2026,0.0
Tokelau,TKL,2027,0.0
Tokelau,TKL,2028,0.0
Tonga,TON,2018,62500.0
Tonga,TON,2019,62500.0
Tonga,TON,2020,62500.0
Tonga,TON,2021,62500.0
Tonga,TON,2022,62500.0
Tonga,TON,2023,62500.0
Tonga,TON,2024,62500.0
Tonga,TON,2025,62500.0
Tonga,TON,2026,62500.0
Tonga,TON,2027,62500.0
Tonga,TON,2028,62500.0
Trinidad and Tobago,TTO,2018,395000.0
Trinidad and Tobago,TTO,2019,395000.0
Trinidad and Tobago,TTO,2020,395000.0
Trinidad and Tobago,TTO,2021,395000.0
Trinidad and Tobago,TTO,2022,395000.0
Trinidad and Tobago,TTO,2023,395000.0
Trinidad and Tobago,TTO,2024,395000.0
Trinidad and Tobago,TTO,2025,395000.0
Trinidad and Tobago,TTO,2026,395000.0
Trinidad and Tobago,TTO,2027,395000.0
Trinidad and Tobago,TTO,2028,395000.0
Tunisia,TUN,2018,7052000.0
Tunisia,TUN,2019,7052000.0
Tunisia,TUN,2020,7052000.0
Tunisia,TUN,2021,7052000.0
Tunisia,TUN,2022,7052000.0
Tunisia,TUN,2023,7052000.0
Tunisia,TUN,2024,7052000.0
Tunisia,TUN,2025,7052000.0
Tunisia,TUN,2026,7052000.0
Tunisia,TUN,2027,7052000.0
Tunisia,TUN,2028,7052000.0
Turkey,TUR,2018,37601000.0
Turkey,TUR,2019,37601000.0
Turkey,TUR,2020,37601000.0
Turkey,TUR,2021,37601000.0
Turkey,TUR,2022,37601000.0
Turkey,TUR,2023,37601000.0
Turkey,TUR,2024,37601000.0
Turkey,TUR,2025,37601000.0
Turkey,TUR,2026,37601000.0
Turkey,TUR,2027,37601000.0
Turkey,TUR,2028,37601000.0
Turkmenistan,TKM,2018,0.0
Turkmenistan,TKM,2019,0.0
Turkmenistan,TKM,2020,0.0
Turkmenistan,TKM,2021,0.0
Turkmenistan,TKM,2022,0.0
Turkmenistan,TKM,2023,0.0
Turkmenistan,TKM,2024,0.0
Turkmenistan,TKM,2025,0.0
Turkmenistan,TKM,2026,0.0
Turkmenistan,TKM,2027,0.0
Turkmenistan,TKM,2028,0.0
Turks and Caicos Isl.,TCA,2018,416400.0
Turks and Caicos Isl.,TCA,2019,416400.0
Turks and Caicos Isl.,TCA,2020,416400.0
Turks and Caicos Isl.,TCA,2021,416400.0
Turks and Caicos Isl.,TCA,2022,416400.0
Turks and Caicos Isl.,TCA,2023,416400.0
Turks and Caicos Isl.,TCA,2024,416400.0
Turks and Caicos Isl.,TCA,2025,416400.0
Turks and Caicos Isl.,TCA,2026,416400.0
Turks and Caicos Isl.,TCA,2027,416400.0
Turks and Caicos Isl.,TCA,2028,416400.0
Tuvalu,TUV,2018,2500.0
Tuvalu,TUV,2019,2500.0
Tuvalu,TUV,2020,2500.0
Tuvalu,TUV,2021,2500.0
Tuvalu,TUV,2022,2500.0
Tuvalu,TUV,2023,2500.0
Tuvalu,TUV,2024,2500.0
Tuvalu,TUV,2025,2500.0
Tuvalu,TUV,2026,2500.0
Tuvalu,TUV,2027,2500.0
Tuvalu,TUV,2028,2500.0
Uganda,UGA,2018,1402000.0
Uganda,UGA,2019,1402000.0
Uganda,UGA,2020,1402000.0
Uganda,UGA,2021,1402000.0
Uganda,UGA,2022,1402000.0
Uganda,UGA,2023,1402000.0
Uganda,UGA,2024,1402000.0
Uganda,UGA,2025,1402000.0
Uganda,UGA,2026,1402000.0
Uganda,UGA,2027,1402000.0
Uganda,UGA,2028,1402000.0
Ukraine,UKR,2018,14230000.0
Ukraine,UKR,2019,14230000.0
Ukraine,UKR,2020,14230000.0
Ukraine,UKR,2021,14230000.0
Ukraine,UKR,2022,14230000.0
Ukraine,UKR,2023,14230000.0
Ukraine,UKR,2024,14230000.0
Ukraine,UKR,2025,14230000.0
Ukraine,UKR,2026,14230000.0
Ukraine,UKR,2027,14230000.0
Ukraine,UKR,2028,14230000.0
United Arab Emirates,ARE,2018,0.0
United Arab Emirates,ARE,2019,0.0
United Arab Emirates,ARE,2020,0.0
United Arab Emirates,ARE,2021,0.0
United Arab Emirates,ARE,2022,0.0
United Arab Emirates,ARE,2023,0.0
United Arab Emirates,ARE,2024,0.0
United Arab Emirates,ARE,2025,0.0
United Arab Emirates,ARE,2026,0.0
United Arab Emirates,ARE,2027,0.0
United Arab Emirates,ARE,2028,0.0
United Kingdom,GBR,2018,37651000.0
United Kingdom,GBR,2019,37651000.0
United Kingdom,GBR,2020,37651000.0
United Kingdom,GBR,2021,37651000.0
United Kingdom,GBR,2022,37651000.0
United Kingdom,GBR,2023,37651000.0
United Kingdom,GBR,2024,37651000.0
United Kingdom,GBR,2025,37651000.0
United Kingdom,GBR,2026,37651000.0
United Kingdom,GBR,2027,37651000.0
United Kingdom,GBR,2028,37651000.0
United States,USA,2018,76941000.0
United States,USA,2019,76941000.0
United States,USA,2020,76941000.0
United States,USA,2021,76941000.0
United States,USA,2022,76941000.0
United States,USA,2023,76941000.0
United States,USA,2024,76941000.0
United States,USA,2025,76941000.0
United States,USA,2026,76941000.0
United States,USA,2027,76941000.0
United States,USA,2028,76941000.0
Unspecified,UNS,2018,0.0
Unspecified,UNS,2019,0.0
Unspecified,UNS,2020,0.0
Unspecified,UNS,2021,0.0
Unspecified,UNS,2022,0.0
Unspecified,UNS,2023,0.0
Unspecified,UNS,2024,0.0
Unspecified,UNS,2025,0.0
Unspecified,UNS,2026,0.0
Unspecified,UNS,2027,0.0
Unspecified,UNS,2028,0.0
Uruguay,URY,2018,3674000.0
Uruguay,URY,2019,3674000.0
Uruguay,URY,2020,3674000.0
Uruguay,URY,2021,3674000.0
Uruguay,URY,2022,3674000.0
Uruguay,URY,2023,3674000.0
Uruguay,URY,2024,3674000.0
Uruguay,URY,2025,3674000.0
Uruguay,URY,2026,3674000.0
Uruguay,URY,2027,3674000.0
Uruguay,URY,2028,3674000.0
Us Msc.Pac.I,USP,2018,0.0
Us Msc.Pac.I,USP,2019,0.0
Us Msc.Pac.I,USP,2020,0.0
Us Msc.Pac.I,USP,2021,0.0
Us Msc.Pac.I,USP,2022,0.0
Us Msc.Pac.I,USP,2023,0.0
Us Msc.Pac.I,USP,2024,0.0
Us Msc.Pac.I,USP,2025,0.0
Us Msc.Pac.I,USP,2026,0.0
Us Msc.Pac.I,USP,2027,0.0
Us Msc.Pac.I,USP,2028,0.0
Uzbekistan,UZB,2018,2690000.0
Uzbekistan,UZB,2019,2690000.0
Uzbekistan,UZB,2020,2690000.0
Uzbekistan,UZB,2021,2690000.0
Uzbekistan,UZB,2022,2690000.0
Uzbekistan,UZB,2023,2690000.0
Uzbekistan,UZB,2024,2690000.0
Uzbekistan,UZB,2025,2690000.0
Uzbekistan,UZB,2026,2690000.0
Uzbekistan,UZB,2027,2690000.0
Uzbekistan,UZB,2028,2690000.0
Vanuatu,VUT,2018,109000.0
Vanuatu,VUT,2019,109000.0
Vanuatu,VUT,2020,109000.0
Vanuatu,VUT,2021,109000.0
Vanuatu,VUT,2022,109000.0
Vanuatu,VUT,2023,109000.0
Vanuatu,VUT,2024,109000.0
Vanuatu,VUT,2025,109000.0
Vanuatu,VUT,2026,109000.0
Vanuatu,VUT,2027,109000.0
Vanuatu,VUT,2028,109000.0
Venezuela,VEN,2018,427000.0
Venezuela,VEN,2019,427000.0
Venezuela,VEN,2020,427000.0
Venezuela,VEN,2021,427000.0
Venezuela,VEN,2022,427000.0
Venezuela,VEN,2023,427000.0
Venezuela,VEN,2024,427000.0
Venezuela,VEN,2025,427000.0
Venezuela,VEN,2026,427000.0
Venezuela,VEN,2027,427000.0
Venezuela,VEN,2028,427000.0
Vietnam,VNM,2018,12922000.0
Vietnam,VNM,2019,12922000.0
Vietnam,VNM,2020,12922000.0
Vietnam,VNM,2021,12922000.0
Vietnam,VNM,2022,12922000.0
Vietnam,VNM,2023,12922000.0
Vietnam,VNM,2024,12922000.0
Vietnam,VNM,2025,12922000.0
Vietnam,VNM,2026,12922000.0
Vietnam,VNM,2027,12922000.0
Vietnam,VNM,2028,12922000.0
Virgin Islands (U.S.),VIR,2018,0.0
Virgin Islands (U.S.),VIR,2019,0.0
Virgin Islands (U.S.),VIR,2020,0.0
Virgin Islands (U.S.),VIR,2021,0.0
Virgin Islands (U.S.),VIR,2022,0.0
Virgin Islands (U.S.),VIR,2023,0.0
Virgin Islands (U.S.),VIR,2024,0.0
Virgin Islands (U.S.),VIR,2025,0.0
Virgin Islands (U.S.),VIR,2026,0.0
Virgin Islands (U.S.),VIR,2027,0.0
Virgin Islands (U.S.),VIR,2028,0.0
Wake Island,WAK,2018,0.0
Wake Island,WAK,2019,0.0
Wake Island,WAK,2020,0.0
Wake Island,WAK,2021,0.0
Wake Island,WAK,2022,0.0
Wake Island,WAK,2023,0.0
Wake Island,WAK,2024,0.0
Wake Island,WAK,2025,0.0
Wake Island,WAK,2026,0.0
Wake Island,WAK,2027,0.0
Wake Island,WAK,2028,0.0
Wallis and Futura Isl.,WLF,2018,0.0
Wallis and Futura Isl.,WLF,2019,0.0
Wallis and Futura Isl.,WLF,2020,0.0
Wallis and Futura Isl.,WLF,2021,0.0
Wallis and Futura Isl.,WLF,2022,0.0
Wallis and Futura Isl.,WLF,2023,0.0
Wallis and Futura Isl.,WLF,2024,0.0
Wallis and Futura Isl.,WLF,2025,0.0
Wallis and Futura Isl.,WLF,2026,0.0
Wallis and Futura Isl.,WLF,2027,0.0
Wallis and Futura Isl.,WLF,2028,0.0
Western Sahara,ESH,2018,0.0
Western Sahara,ESH,2019,0.0
Western Sahara,ESH,2020,0.0
Western Sahara,ESH,2021,0.0
Western Sahara,ESH,2022,0.0
Western Sahara,ESH,2023,0.0
Western Sahara,ESH,2024,0.0
Western Sahara,ESH,2025,0.0
Western Sahara,ESH,2026,0.0
Western Sahara,ESH,2027,0.0
Western Sahara,ESH,2028,0.0
Yemen Democratic,YDR,2018,0.0
Yemen Democratic,YDR,2019,0.0
Yemen Democratic,YDR,2020,0.0
Yemen Democratic,YDR,2021,0.0
Yemen Democratic,YDR,2022,0.0
Yemen Democratic,YDR,2023,0.0
Yemen Democratic,YDR,2024,0.0
Yemen Democratic,YDR,2025,0.0
Yemen Democratic,YDR,2026,0.0
Yemen Democratic,YDR,2027,0.0
Yemen Democratic,YDR,2028,0.0
"Yemen, Rep.",YEM,2018,0.0
"Yemen, Rep.",YEM,2019,0.0
"Yemen, Rep.",YEM,2020,0.0
"Yemen, Rep.",YEM,2021,0.0
"Yemen, Rep.",YEM,2022,0.0
"Yemen, Rep.",YEM,2023,0.0
"Yemen, Rep.",YEM,2024,0.0
"Yemen, Rep.",YEM,2025,0.0
"Yemen, Rep.",YEM,2026,0.0
"Yemen, Rep.",YEM,2027,0.0
"Yemen, Rep.",YEM,2028,0.0
Yugoslavia,SER,2018,0.0
Yugoslavia,SER,2019,0.0
Yugoslavia,SER,2020,0.0
Yugoslavia,SER,2021,0.0
Yugoslavia,SER,2022,0.0
Yugoslavia,SER,2023,0.0
Yugoslavia,SER,2024,0.0
Yugoslavia,SER,2025,0.0
Yugoslavia,SER,2026,0.0
Yugoslavia,SER,2027,0.0
Yugoslavia,SER,2028,0.0
"Yugoslavia, FR (Serbia/Montene",YUG,2018,0.0
"Yugoslavia, FR (Serbia/Montene",YUG,2019,0.0
"Yugoslavia, FR (Serbia/Montene",YUG,2020,0.0
"Yugoslavia, FR (Serbia/Montene",YUG,2021,0.0
"Yugoslavia, FR (Serbia/Montene",YUG,2022,0.0
"Yugoslavia, FR (Serbia/Montene",YUG,2023,0.0
"Yugoslavia, FR (Serbia/Montene",YUG,2024,0.0
"Yugoslavia, FR (Serbia/Montene",YUG,2025,0.0
"Yugoslavia, FR (Serbia/Montene",YUG,2026,0.0
"Yugoslavia, FR (Serbia/Montene",YUG,2027,0.0
"Yugoslavia, FR (Serbia/Montene",YUG,2028,0.0
Zambia,ZMB,2018,1083000.0
Zambia,ZMB,2019,1083000.0
Zambia,ZMB,2020,1083000.0
Zambia,ZMB,2021,1083000.0
Zambia,ZMB,2022,1083000.0
Zambia,ZMB,2023,1083000.0
Zambia,ZMB,2024,1083000.0
Zambia,ZMB,2025,1083000.0
Zambia,ZMB,2026,1083000.0
Zambia,ZMB,2027,1083000.0
Zambia,ZMB,2028,1083000.0
Zimbabwe,ZWE,2018,2423000.0
Zimbabwe,ZWE,2019,2423000.0
Zimbabwe,ZWE,2020,2423000.0
Zimbabwe,ZWE,2021,2423000.0
Zimbabwe,ZWE,2022,2423000.0
Zimbabwe,ZWE,2023,2423000.0
Zimbabwe,ZWE,2024,2423000.0
Zimbabwe,ZWE,2025,2423000.0
Zimbabwe,ZWE,2026,2423000.0
Zimbabwe,ZWE,2027,2423000.0
Zimbabwe,ZWE,2028,2423000.0
